Student_ID,Attendance_%,Study_Hours_Week,Past_Failures,Math_Sessional1,Math_Sessional2,Math_Sessional3,Math_Final_Exam,Physics_Sessional1,Physics_Sessional2,Physics_Sessional3,Physics_Final_Exam,Chem_Sessional1,Chem_Sessional2,Chem_Sessional3,Chem_Final_Exam,CS_Sessional1,CS_Sessional2,CS_Sessional3,CS_Final_Exam,Math_Total_100,Physics_Total_100,Chem_Total_100,CS_Total_100,Overall_Result
S0001,75.7,12.6,0,17.2,17.0,19.8,50.7,14.8,19.8,13.5,26.6,20.2,15.9,14.8,41.0,14.5,14.3,14.4,45.8,104.7,74.7,91.9,89.0,90.1
S0002,75.5,12.0,0,13.2,8.0,27.5,24.1,19.0,10.2,12.6,37.0,19.4,21.0,16.5,22.9,15.3,18.6,24.4,40.7,72.8,78.8,79.8,99.0,82.6
S0003,59.0,11.1,0,17.2,13.9,8.2,43.4,24.4,17.1,9.3,40.4,12.8,15.8,15.1,50.6,25.1,26.3,25.8,49.6,82.7,91.2,94.3,126.8,95.6
S0004,85.7,14.2,0,28.6,22.0,29.5,58.2,24.8,18.6,14.8,52.6,27.6,20.7,18.0,52.5,25.4,26.1,27.3,54.9,138.3,110.8,118.8,133.7,100.0
S0005,53.8,13.8,0,16.4,16.3,14.6,45.1,15.7,20.3,20.8,15.9,15.0,18.5,17.0,35.2,12.4,16.0,13.5,34.0,92.4,72.7,85.7,75.9,77.4
S0006,55.2,10.1,2,13.0,13.8,15.6,29.0,15.5,19.4,20.0,32.4,19.2,11.7,7.9,41.1,15.0,15.5,18.3,39.3,71.4,87.3,79.9,88.1,77.7
S0007,77.2,14.2,0,25.3,21.3,22.2,52.8,18.7,22.3,20.5,38.8,23.3,24.7,28.4,48.4,21.6,24.1,25.2,60.9,121.6,100.3,124.8,131.8,100.0
S0008,64.8,15.1,0,17.5,18.7,17.5,45.0,17.3,22.9,15.8,36.8,9.6,10.4,15.8,47.0,18.4,23.2,23.6,46.4,98.7,92.8,82.8,111.6,94.4
S0009,56.5,13.1,1,17.8,13.7,11.6,30.2,20.9,13.2,8.2,31.8,13.1,11.9,15.0,29.8,16.4,17.8,14.1,26.5,73.3,74.1,69.8,74.8,69.3
S0010,62.2,14.9,1,19.2,17.5,19.4,38.7,12.3,15.9,15.1,38.3,22.8,23.1,19.5,40.1,17.0,17.9,20.2,44.6,94.8,81.6,105.5,99.7,92.8
S0011,58.3,12.7,1,12.7,19.6,10.8,31.7,20.7,16.8,18.4,21.5,10.2,13.7,12.8,25.9,18.6,21.3,17.5,36.5,74.8,77.4,62.6,93.9,73.8
S0012,55.7,9.2,1,14.9,19.6,19.9,13.9,11.0,15.9,19.4,27.9,12.2,18.2,17.6,40.5,15.0,8.0,9.8,41.8,68.3,74.2,88.5,74.6,72.5
S0013,63.1,9.8,0,10.1,7.4,10.7,40.4,22.3,19.1,15.4,23.2,16.5,16.4,12.6,35.7,19.2,25.3,24.8,36.6,68.6,80.0,81.2,105.9,81.5
S0014,40.0,9.8,2,2.0,7.1,2.8,15.2,0.0,0.6,0.0,22.4,0.0,4.0,4.5,19.3,6.7,1.9,0.6,14.8,27.1,23.0,27.8,24.0,18.5
S0015,40.0,6.7,0,2.6,7.8,6.3,15.0,10.0,11.5,11.1,14.1,14.4,10.0,5.9,5.8,10.9,8.1,10.5,17.1,31.7,46.7,36.1,46.6,33.3
S0016,61.0,10.0,1,13.3,8.5,16.1,40.4,8.5,14.3,9.6,35.3,9.7,11.9,9.5,36.5,17.1,16.0,17.9,38.7,78.3,67.7,67.6,89.7,73.0
S0017,53.2,11.9,1,17.6,18.1,12.7,19.5,3.1,2.6,4.3,18.6,13.2,14.1,4.7,31.0,13.3,12.5,10.3,27.1,67.9,28.6,63.0,63.2,51.3
S0018,58.1,14.0,1,25.6,28.2,24.4,34.6,17.1,16.3,23.3,31.5,17.2,16.9,23.1,39.4,21.0,23.4,19.4,38.8,112.8,88.2,96.6,102.6,96.7
S0019,51.4,10.5,0,13.7,8.2,7.2,36.6,15.7,8.4,14.2,17.8,16.7,7.5,7.3,24.4,12.2,9.3,10.9,31.0,65.7,56.1,55.9,63.4,55.6
S0020,50.2,12.5,1,10.8,6.3,11.1,14.5,4.2,0.0,5.5,25.2,10.8,11.5,15.5,22.8,11.8,11.9,12.4,20.7,42.7,34.9,60.6,56.8,43.8
S0021,67.1,14.7,0,14.8,21.7,25.1,45.4,13.5,17.5,13.4,41.3,22.1,23.9,28.2,64.7,24.4,23.1,24.3,50.9,107.0,85.7,138.9,122.7,100.0
S0022,63.5,13.2,1,12.1,14.0,22.0,30.6,13.2,16.4,16.6,35.0,11.3,10.0,7.8,22.4,16.5,17.4,18.7,32.5,78.7,81.2,51.5,85.1,71.8
S0023,57.5,12.3,0,12.4,15.9,15.5,39.5,14.5,16.0,21.3,30.1,19.5,13.1,10.9,40.8,17.2,17.3,23.5,47.8,83.3,81.9,84.3,105.8,85.3
S0024,48.6,8.7,0,6.3,8.6,11.8,20.6,11.1,0.3,3.0,3.7,1.7,10.6,20.6,14.8,8.8,9.6,8.8,24.1,47.3,18.1,47.7,51.3,35.8
S0025,49.0,13.6,0,12.1,13.9,14.2,20.5,17.0,13.3,20.0,22.8,16.0,16.9,22.6,29.5,12.7,11.9,8.7,33.2,60.7,73.1,85.0,66.5,66.1
S0026,49.0,13.3,0,13.9,9.3,18.2,31.8,14.8,3.8,16.4,24.6,12.1,13.0,15.1,35.1,19.7,17.6,20.9,39.3,73.2,59.6,75.3,97.5,71.2
S0027,40.0,10.0,2,2.1,9.4,7.3,18.5,18.8,22.0,24.6,21.4,15.5,8.9,11.2,20.6,15.5,14.8,18.7,27.0,37.3,86.8,56.2,76.0,57.1
S0028,67.1,15.2,0,20.0,23.5,23.7,37.2,17.4,11.5,15.9,27.1,18.4,14.9,14.3,39.4,23.2,24.6,23.8,44.8,104.4,71.9,87.0,116.4,93.3
S0029,56.5,9.6,2,8.2,9.0,10.5,30.3,10.2,17.2,18.0,33.5,15.7,19.9,18.7,22.2,10.7,10.4,9.7,33.4,58.0,78.9,76.5,64.2,65.7
S0030,51.1,9.5,0,14.9,14.3,14.4,33.4,5.3,13.2,20.8,28.8,14.9,15.3,12.6,38.5,20.0,15.8,16.1,36.2,77.0,68.1,81.3,88.1,73.8
S0031,59.5,8.3,0,20.8,11.4,12.8,17.1,10.7,6.7,12.1,25.2,6.1,6.7,2.3,18.3,13.5,15.7,12.2,36.0,62.1,54.7,33.4,77.4,53.8
S0032,72.0,13.1,0,20.1,23.6,25.2,59.0,21.0,16.0,17.4,55.2,21.4,24.8,20.1,58.4,29.3,28.5,30.0,61.0,127.9,109.6,124.7,148.8,100.0
S0033,61.3,16.1,1,5.1,11.4,13.3,35.2,19.4,19.2,15.1,39.4,18.6,14.3,15.7,33.3,14.9,18.5,14.5,34.6,65.0,93.1,81.9,82.5,77.9
S0034,40.0,6.9,1,9.3,9.5,11.3,31.4,12.3,7.1,10.2,21.9,11.6,17.3,10.1,17.2,12.5,9.6,10.4,24.0,61.5,51.5,56.2,56.5,49.4
S0035,67.1,13.8,0,23.4,26.2,29.4,44.8,12.3,15.2,10.8,34.5,24.7,28.2,24.3,45.4,23.0,17.3,17.2,39.9,123.8,72.8,122.6,97.4,100.0
S0036,47.0,8.2,1,17.5,13.0,15.8,28.0,10.1,7.3,8.1,7.2,11.8,9.3,5.9,13.1,6.8,7.0,10.0,33.9,74.3,32.7,40.1,57.7,45.6
S0037,57.7,13.2,0,11.3,15.5,19.8,38.7,18.9,8.6,18.0,29.2,13.1,12.1,11.9,37.9,20.6,17.6,17.6,45.5,85.3,74.7,75.0,101.3,80.6
S0038,40.0,8.3,3,8.3,3.4,3.5,22.0,13.7,0.0,0.0,8.7,3.4,0.0,7.2,6.1,11.3,9.5,9.4,12.4,37.2,22.4,16.7,42.6,22.7
S0039,53.3,10.1,2,7.3,8.0,5.5,23.5,13.2,12.6,18.9,20.3,10.0,3.9,8.3,24.1,10.1,8.4,10.1,22.3,44.3,65.0,46.3,50.9,47.3
S0040,59.9,11.4,1,15.8,15.3,20.1,35.2,19.3,15.0,21.3,31.7,7.7,6.0,11.9,32.0,22.8,23.4,18.6,38.6,86.4,87.3,57.6,103.4,80.7
S0041,78.0,13.7,0,29.2,25.9,26.3,54.9,18.1,15.2,14.7,44.7,26.2,24.1,25.8,40.6,21.0,20.4,23.4,54.8,136.3,92.7,116.7,119.6,100.0
S0042,55.1,13.0,1,10.0,10.9,19.9,40.9,17.3,20.0,20.9,29.4,18.6,16.6,19.1,39.0,21.1,20.5,19.9,34.8,81.7,87.6,93.3,96.3,85.7
S0043,64.8,11.2,0,15.8,14.9,12.9,36.1,20.3,23.7,19.4,30.8,20.4,13.0,20.5,29.6,10.4,13.5,12.8,38.3,79.7,94.2,83.5,75.0,81.1
S0044,69.7,14.4,0,15.8,18.3,15.7,23.1,6.6,7.9,17.2,38.3,8.2,9.6,10.7,31.9,23.3,21.0,25.8,35.1,72.9,70.0,60.4,105.2,76.1
S0045,40.0,9.0,0,12.8,9.3,2.8,11.1,6.4,5.4,12.2,20.6,13.9,13.9,10.2,10.6,14.3,12.4,13.0,25.5,36.0,44.6,48.6,65.2,41.6
S0046,46.6,11.5,0,12.4,5.8,7.8,28.3,7.6,11.6,5.0,24.9,21.5,20.0,11.6,31.6,13.0,14.9,14.4,30.2,54.3,49.1,84.7,72.5,59.5
S0047,60.8,12.1,1,14.4,20.9,21.5,30.0,14.5,7.0,13.2,23.4,8.5,3.0,7.2,41.1,9.3,9.3,17.0,25.8,86.8,58.1,59.8,61.4,63.7
S0048,73.7,17.2,0,18.5,24.7,21.0,40.9,25.4,24.1,21.1,37.9,24.2,22.4,26.1,63.4,24.2,28.0,30.0,50.4,105.1,108.5,136.1,132.6,100.0
S0049,69.3,13.3,1,17.9,12.3,17.6,38.2,13.1,17.1,17.5,29.3,17.7,12.1,20.6,39.6,15.2,16.2,17.9,38.8,86.0,77.0,90.0,88.1,84.1
S0050,40.0,4.6,1,5.8,9.1,7.9,25.5,0.0,6.2,3.4,11.2,1.4,7.5,11.9,21.4,9.7,5.2,8.3,18.8,48.3,20.8,42.2,42.0,31.3
S0051,66.8,13.7,0,19.2,16.2,18.3,41.3,14.0,5.1,19.8,41.2,19.5,21.9,13.1,28.2,20.6,20.7,17.6,49.4,95.0,80.1,82.7,108.3,89.9
S0052,55.9,9.7,0,12.0,13.7,9.5,23.1,17.5,11.9,18.1,26.9,17.5,12.6,18.2,40.4,12.8,11.4,13.6,26.8,58.3,74.4,88.7,64.6,67.7
S0053,62.8,9.1,2,13.7,14.3,14.1,26.3,14.3,8.8,7.0,15.7,10.3,8.2,3.6,32.9,17.5,18.1,16.0,27.6,68.4,45.8,55.0,79.2,59.7
S0054,71.7,14.8,0,18.0,17.1,6.1,35.2,19.4,19.1,12.0,51.5,23.6,19.9,23.5,39.0,23.3,29.0,26.0,43.9,76.4,102.0,106.0,122.2,100.0
S0055,77.7,17.3,1,24.5,19.6,19.6,42.0,17.7,20.7,18.5,44.8,14.3,7.9,13.5,53.8,26.1,22.6,24.4,49.6,105.7,101.7,89.5,122.7,100.0
S0056,70.4,14.6,0,19.3,16.6,12.0,40.8,12.3,22.3,23.2,30.8,14.5,18.2,22.6,43.8,22.7,23.7,25.3,53.4,88.7,88.6,99.1,125.1,99.5
S0057,47.5,10.4,0,4.3,3.5,12.8,22.4,13.5,10.0,12.2,20.9,12.5,11.2,6.8,23.8,9.0,5.4,10.5,28.5,43.0,56.6,54.3,53.4,46.3
S0058,54.6,14.6,1,18.9,13.6,17.3,23.2,9.1,8.3,17.5,30.2,14.6,18.4,21.6,35.0,19.0,19.2,14.5,37.4,73.0,65.1,89.6,90.1,75.4
S0059,69.3,13.4,0,13.2,14.4,18.0,36.4,27.0,28.4,26.7,48.3,14.7,11.5,9.2,32.6,18.6,16.3,15.6,40.2,82.0,130.4,68.0,90.7,91.6
S0060,70.9,19.8,1,17.1,15.3,24.1,40.4,21.7,22.1,25.8,33.5,23.9,20.1,18.2,51.9,18.7,18.5,19.5,51.7,96.9,103.1,114.1,108.4,100.0
S0061,58.3,11.8,1,10.7,14.4,10.4,11.4,9.6,17.1,16.9,35.0,15.8,8.9,7.8,24.0,19.2,14.3,14.4,37.0,46.9,78.6,56.5,84.9,63.4
S0062,76.3,8.0,0,19.9,23.7,26.6,44.3,10.7,13.4,7.2,41.0,18.5,13.1,7.6,27.2,23.0,22.7,23.4,33.7,114.5,72.3,66.4,102.8,89.0
S0063,55.0,10.5,0,1.7,2.8,10.7,29.1,9.3,3.7,6.3,16.9,10.2,5.7,9.1,18.2,11.7,14.8,10.3,29.7,44.3,36.2,43.2,66.5,43.6
S0064,44.3,9.5,1,22.3,18.3,13.6,19.4,8.2,2.0,11.5,18.7,12.7,15.7,20.7,27.3,17.8,15.3,12.7,25.3,73.6,40.4,76.4,71.1,59.2
S0065,81.8,16.8,1,23.2,23.5,26.3,42.2,23.8,13.8,16.2,32.5,18.1,16.0,29.1,40.4,22.3,19.6,24.2,53.4,115.2,86.3,103.6,119.5,100.0
S0066,75.8,17.0,0,22.4,23.9,18.8,40.5,21.5,24.4,25.5,44.0,30.0,27.5,25.9,41.8,23.7,28.9,26.5,54.2,105.6,115.4,125.2,133.3,100.0
S0067,44.8,11.5,1,14.7,15.1,12.2,43.3,10.6,18.0,15.1,31.4,12.4,12.2,18.9,31.0,15.4,13.9,17.5,40.0,85.3,75.1,74.5,86.8,74.4
S0068,66.6,12.3,0,21.0,23.5,19.8,55.4,28.5,30.0,19.9,47.0,29.2,20.8,22.2,45.9,27.9,19.5,21.3,50.8,119.7,125.4,118.1,119.5,100.0
S0069,51.6,12.6,1,19.0,20.1,16.9,38.4,16.4,20.5,18.2,44.0,17.9,17.2,20.0,32.2,17.3,19.6,20.9,43.0,94.4,99.1,87.3,100.8,90.7
S0070,51.1,8.6,0,14.9,8.9,6.9,33.4,15.6,19.9,17.9,20.5,7.4,12.0,11.6,21.7,16.5,12.3,13.1,32.7,64.1,73.9,52.7,74.6,61.5
S0071,66.7,11.8,1,19.2,21.8,24.8,38.5,13.2,11.5,11.1,21.1,23.2,16.2,18.2,51.9,17.9,21.5,23.1,45.8,104.3,56.9,109.5,108.3,93.1
S0072,94.8,17.3,1,22.7,26.1,23.7,41.4,23.2,16.7,18.3,47.1,23.9,26.9,27.8,46.6,24.5,23.9,20.7,51.6,113.9,105.3,125.2,120.7,100.0
S0073,64.2,15.2,0,14.3,11.6,15.3,31.0,16.0,19.6,12.8,34.2,19.2,14.5,13.4,33.1,20.6,21.2,18.8,45.2,72.2,82.6,80.2,105.8,83.0
S0074,80.0,17.0,0,21.8,22.2,20.5,50.5,12.0,17.9,25.8,49.4,28.4,24.5,24.2,49.9,24.8,29.5,29.1,49.2,115.0,105.1,127.0,132.6,100.0
S0075,40.0,2.5,3,2.5,5.5,0.0,4.5,13.2,9.7,5.4,4.5,4.8,6.4,5.2,5.1,2.6,0.0,4.0,5.3,12.5,32.8,21.5,11.9,12.7
S0076,54.7,15.1,0,23.6,20.9,21.5,40.8,24.7,24.0,28.9,41.3,17.6,15.9,21.7,47.9,25.4,22.4,27.2,48.4,106.8,118.9,103.1,123.4,100.0
S0077,65.0,14.6,1,18.0,21.4,11.4,34.2,13.0,15.4,23.3,44.6,20.3,18.9,13.9,42.0,22.9,20.8,18.8,42.0,85.0,96.3,95.1,104.5,93.2
S0078,64.4,10.0,0,2.1,16.3,15.3,30.3,7.8,16.4,14.9,32.3,14.6,13.3,14.2,30.4,18.0,21.9,23.9,42.7,64.0,71.4,72.5,106.5,76.5
S0079,51.3,12.0,0,18.3,14.1,9.9,35.1,16.7,22.5,14.2,30.4,19.2,18.6,25.7,29.0,16.2,15.0,15.1,31.9,77.4,83.8,92.5,78.2,78.2
S0080,46.1,6.7,2,6.9,1.1,12.1,7.3,6.3,8.9,0.0,9.3,0.0,0.0,8.4,22.0,5.6,4.4,10.3,13.5,27.4,24.5,30.4,33.8,23.2
S0081,61.9,9.8,0,14.2,15.4,19.0,27.3,15.4,18.9,9.4,28.9,16.7,8.7,17.7,32.5,16.8,18.1,20.3,27.0,75.9,72.6,75.6,82.2,74.0
S0082,63.2,14.3,0,15.4,18.9,18.8,29.7,17.1,19.3,11.4,48.1,15.2,18.7,18.8,49.6,20.5,18.4,16.7,43.5,82.8,95.9,102.3,99.1,92.7
S0083,85.7,15.7,0,26.5,23.8,28.5,54.7,23.6,20.3,28.1,45.3,29.7,30.0,28.3,37.7,22.6,24.2,26.3,57.7,133.5,117.3,125.7,130.8,100.0
S0084,73.6,11.4,1,16.7,21.0,14.1,15.9,19.6,20.5,17.5,27.2,16.0,11.4,17.0,31.1,17.1,11.6,13.6,40.2,67.7,84.8,75.5,82.5,77.3
S0085,53.3,8.0,0,8.5,4.4,10.7,32.5,13.9,5.8,10.9,20.9,13.1,11.7,18.7,38.3,13.7,20.2,19.2,30.2,56.1,51.5,81.8,83.3,63.8
S0086,57.7,9.8,0,14.6,16.7,16.1,37.0,7.2,14.6,2.9,35.7,15.5,15.9,7.4,28.0,9.9,7.9,11.3,38.0,84.4,60.4,66.8,67.1,66.2
S0087,69.9,15.9,1,15.6,14.7,18.6,41.3,25.4,16.7,12.2,55.9,16.4,20.8,15.8,43.8,19.8,19.9,20.8,52.5,90.2,110.2,96.8,113.0,100.0
S0088,59.3,12.1,0,11.3,20.4,24.2,21.5,24.3,22.4,24.2,38.9,24.1,13.4,21.2,40.7,17.9,18.4,23.5,41.1,77.4,109.8,99.4,100.9,93.7
S0089,62.0,14.0,1,10.3,19.3,19.5,26.3,28.0,17.5,16.8,27.8,21.4,14.7,13.5,26.4,14.7,20.5,17.9,26.6,75.4,90.1,76.0,79.7,77.7
S0090,61.6,12.6,0,21.1,16.6,18.8,38.6,11.2,16.2,16.3,37.6,20.0,18.1,16.1,39.0,26.1,19.8,23.1,46.4,95.1,81.3,93.2,115.4,93.6
S0091,63.8,12.7,1,19.5,15.8,9.6,28.7,16.2,15.6,18.6,15.4,22.8,23.1,15.3,34.4,18.9,24.6,21.2,33.6,73.6,65.8,95.6,98.3,81.1
S0092,70.4,16.5,0,21.8,24.4,18.7,40.6,8.4,4.6,20.4,47.3,18.4,29.3,23.3,42.0,20.3,23.6,28.7,56.4,105.5,80.7,113.0,129.0,100.0
S0093,57.0,7.3,2,15.0,12.3,12.2,35.9,14.3,15.3,12.8,26.5,9.4,9.8,6.1,35.3,14.6,15.6,13.2,30.2,75.4,68.9,60.6,73.6,66.0
S0094,60.5,7.6,0,15.8,14.8,15.2,34.5,10.4,8.6,11.7,32.4,14.6,8.9,20.5,34.7,14.9,12.4,12.8,40.7,80.3,63.1,78.7,80.8,72.8
S0095,65.4,7.9,0,10.9,12.0,8.7,24.3,22.5,23.1,19.5,23.2,15.9,16.8,15.9,32.8,16.6,17.9,21.8,32.4,55.9,88.3,81.4,88.7,76.7
S0096,40.0,10.6,0,10.3,1.9,15.4,9.4,4.3,5.9,19.5,15.3,7.4,13.3,11.4,24.7,11.7,8.8,8.5,23.2,37.0,45.0,56.8,52.2,40.8
S0097,63.6,11.7,0,19.8,18.5,24.1,34.9,7.5,12.8,4.4,32.1,19.6,19.2,21.2,37.0,22.9,25.2,27.5,43.6,97.3,56.8,97.0,119.2,90.3
S0098,57.5,17.8,0,19.5,15.5,18.9,35.2,13.4,9.6,16.6,42.5,18.5,14.4,20.2,33.6,19.0,16.1,20.8,42.0,89.1,82.1,86.7,97.9,85.4
S0099,58.5,10.9,0,20.1,16.2,16.5,36.8,4.8,5.8,10.1,29.6,12.0,17.4,21.0,31.9,22.6,20.3,19.0,37.3,89.6,50.3,82.3,99.2,77.0
S0100,62.1,11.7,1,17.0,21.7,17.6,28.2,17.3,13.5,16.9,45.7,16.9,18.7,21.6,32.9,19.2,16.4,11.5,38.2,84.5,93.4,90.1,85.3,85.7
S0101,50.2,11.3,1,10.2,4.6,3.4,22.5,0.0,7.6,5.2,21.8,12.7,7.2,6.2,14.0,8.1,6.0,8.5,18.4,40.7,34.6,40.1,41.0,34.1
S0102,49.3,14.9,0,17.6,19.2,17.1,41.2,12.9,21.2,17.2,18.7,14.7,15.9,14.2,28.0,22.1,21.7,19.4,28.8,95.1,70.0,72.8,92.0,77.3
S0103,64.6,15.2,1,13.6,12.5,14.6,35.2,2.7,2.8,12.0,28.1,19.0,21.1,21.3,28.7,16.8,18.0,20.9,40.7,75.9,45.6,90.1,96.4,74.9
S0104,62.7,12.3,1,8.1,8.4,5.5,25.4,9.5,15.5,29.4,19.7,7.3,14.0,11.5,39.6,10.9,15.5,19.7,33.0,47.4,74.1,72.4,79.1,65.8
S0105,63.3,13.6,0,13.9,17.3,17.8,31.1,22.1,8.0,15.5,14.3,17.1,16.1,16.1,17.1,21.8,14.5,14.1,37.6,80.1,59.9,66.4,88.0,71.3
S0106,82.1,14.3,0,14.1,16.7,16.8,35.8,18.2,11.5,10.2,48.3,13.3,13.7,17.9,38.6,26.1,26.8,26.2,51.4,83.4,88.2,83.5,130.5,96.4
S0107,79.6,18.6,0,21.2,24.6,17.1,60.0,18.6,15.5,17.6,55.9,20.6,27.3,29.8,65.8,27.6,30.0,30.0,60.1,122.9,107.6,143.5,147.7,100.0
S0108,54.2,11.4,1,15.5,19.6,14.9,31.8,15.2,8.5,10.2,38.0,14.3,10.5,7.1,38.0,17.1,16.3,21.2,47.2,81.8,71.9,69.9,101.8,77.2
S0109,51.0,11.1,1,13.3,13.2,13.7,36.7,15.8,7.9,3.3,36.1,13.5,16.7,20.3,42.7,18.5,24.4,23.7,43.0,76.9,63.1,93.2,109.6,80.9
S0110,73.0,11.8,0,13.7,11.7,21.4,33.4,16.6,17.7,14.8,21.3,13.5,8.9,11.8,35.2,19.4,17.8,12.2,33.7,80.2,70.4,69.4,83.1,75.4
S0111,43.1,6.5,2,0.0,0.0,6.0,11.3,0.0,1.4,8.0,10.1,5.9,10.5,12.0,11.0,11.3,5.7,6.6,24.9,17.3,19.5,39.4,48.5,24.8
S0112,61.2,11.0,1,16.0,12.4,8.9,25.3,17.5,18.2,10.5,38.4,19.2,16.8,19.9,21.7,19.3,17.7,14.7,43.3,62.6,84.6,77.6,95.0,77.2
S0113,65.0,13.6,0,15.6,27.4,23.9,36.4,1.4,10.2,18.3,25.0,15.0,20.6,25.4,37.3,18.3,21.3,19.5,39.3,103.3,54.9,98.3,98.4,86.7
S0114,81.0,19.9,0,22.2,28.5,21.3,56.0,21.2,23.8,27.0,34.9,20.3,24.8,30.0,54.4,30.0,27.3,30.0,68.5,128.0,106.9,129.5,155.8,100.0
S0115,79.1,11.7,0,17.0,10.6,17.3,34.9,11.3,15.6,11.5,28.8,19.6,12.9,19.9,28.6,15.7,14.3,16.9,35.1,79.8,67.2,81.0,82.0,77.5
S0116,66.8,15.8,0,20.4,13.6,13.7,33.7,19.1,17.5,16.5,34.2,14.1,21.1,25.5,35.6,22.4,22.9,25.0,46.4,81.4,87.3,96.3,116.7,93.8
S0117,62.4,9.6,0,8.7,13.2,14.3,40.8,14.6,8.6,20.0,33.0,15.6,21.9,20.5,45.5,16.6,17.0,18.8,28.0,77.0,76.2,103.5,80.4,81.8
S0118,53.1,8.5,0,6.9,10.3,15.9,16.7,2.5,10.6,14.2,26.5,12.2,15.0,13.3,37.4,12.8,14.0,9.3,20.8,49.8,53.8,77.9,56.9,55.2
S0119,80.2,13.7,0,17.4,20.8,16.0,55.7,14.7,13.7,17.2,48.2,22.3,18.9,24.2,48.9,23.4,24.3,17.0,57.0,109.9,93.8,114.3,121.7,100.0
S0120,73.3,10.3,1,15.0,15.5,12.0,31.0,18.9,13.8,15.2,41.6,24.0,21.0,23.7,40.6,21.5,23.0,23.3,46.9,73.5,89.5,109.3,114.7,96.4
S0121,65.6,14.0,0,22.2,20.4,17.8,44.5,17.7,17.0,18.4,49.0,21.7,21.5,19.9,36.8,20.7,19.9,20.7,49.4,104.9,102.1,99.9,110.7,100.0
S0122,54.3,9.3,0,10.3,11.9,16.2,27.4,7.7,4.3,5.4,12.1,8.2,6.8,11.3,28.6,16.9,16.0,12.0,22.4,65.8,29.5,54.9,67.3,50.2
S0123,94.7,18.8,0,20.6,21.4,16.0,43.3,18.4,17.3,9.0,49.7,30.0,30.0,26.7,61.0,22.9,21.0,18.5,64.0,101.3,94.4,147.7,126.4,100.0
S0124,55.1,9.5,2,0.8,0.0,0.0,22.1,11.9,12.2,21.0,23.4,10.0,10.3,6.9,19.0,8.0,12.8,9.8,28.0,22.9,68.5,46.2,58.6,45.1
S0125,82.1,11.5,0,20.5,18.6,17.0,47.4,14.6,17.4,18.6,28.7,18.2,7.6,18.9,27.4,27.2,22.7,21.7,45.1,103.5,79.3,72.1,116.7,92.9
S0126,85.5,20.0,0,20.4,19.0,24.9,42.7,23.8,19.5,24.3,42.3,30.0,30.0,29.0,62.7,30.0,30.0,30.0,63.1,107.0,109.9,151.7,153.1,100.0
S0127,41.6,11.8,0,11.0,11.6,16.5,26.8,21.1,14.3,12.5,17.1,12.2,10.4,19.5,30.8,5.3,7.5,11.0,32.2,65.9,65.0,72.9,56.0,58.3
S0128,53.9,11.6,0,13.8,25.3,17.6,13.1,5.0,13.2,9.5,21.9,14.9,14.0,7.6,19.9,13.0,14.3,19.8,41.4,69.8,49.6,56.4,88.5,61.9
S0129,63.7,11.8,2,21.2,20.5,17.0,29.0,5.8,12.0,13.1,39.0,26.4,21.0,17.0,37.5,12.8,13.5,13.2,44.6,87.7,69.9,101.9,84.1,83.6
S0130,64.4,8.7,2,7.7,8.6,15.9,38.5,16.3,25.1,11.3,22.9,12.5,16.2,15.5,32.8,12.2,10.3,15.8,43.0,70.7,75.6,77.0,81.3,74.0
S0131,40.0,7.1,0,0.0,7.0,0.6,14.6,4.4,11.7,21.6,10.9,7.3,12.3,15.5,18.5,0.0,0.0,5.4,16.8,22.2,48.6,53.6,22.2,29.6
S0132,75.1,14.4,2,16.3,17.9,15.7,27.5,13.3,19.7,11.6,28.4,16.8,17.7,19.1,31.4,17.6,14.6,18.9,36.3,77.4,73.0,85.0,87.4,80.7
S0133,47.4,12.9,1,17.6,16.4,14.7,21.9,6.0,0.6,0.6,30.4,15.2,12.1,13.2,30.2,8.6,9.0,9.7,21.3,70.6,37.6,70.7,48.6,51.4
S0134,64.6,16.4,1,22.4,22.8,22.4,51.0,15.4,19.7,16.5,37.0,12.2,14.5,12.4,38.0,20.4,21.0,24.3,46.7,118.6,88.6,77.1,112.4,97.1
S0135,42.3,8.5,0,11.9,19.8,13.9,13.5,18.6,15.1,19.8,22.1,3.7,6.9,5.1,16.7,7.9,12.9,14.2,29.1,59.1,75.6,32.4,64.1,51.3
S0136,68.3,13.9,0,20.4,16.7,20.2,43.2,25.4,21.0,21.8,46.6,21.1,18.8,22.9,39.6,26.2,24.7,23.8,56.7,100.5,114.8,102.4,131.4,100.0
S0137,58.7,10.2,1,14.9,15.5,4.1,34.9,15.5,14.6,7.2,34.4,5.7,10.6,6.5,34.7,12.3,10.1,12.3,33.6,69.4,71.7,57.5,68.3,63.5
S0138,58.5,7.6,1,9.9,7.8,8.7,41.7,6.1,13.7,20.2,23.6,12.8,15.3,13.2,35.7,20.5,14.4,15.0,40.9,68.1,63.6,77.0,90.8,71.6
S0139,61.9,14.8,0,20.9,22.4,23.0,41.5,12.4,17.2,21.8,50.1,21.9,27.3,26.1,44.6,26.2,26.0,26.0,41.8,107.8,101.5,119.9,120.0,100.0
S0140,40.0,8.4,0,11.7,7.2,5.0,13.9,0.0,0.0,7.8,22.0,6.5,13.0,8.1,19.7,13.5,16.7,10.9,22.0,37.8,29.8,47.3,63.1,37.5
S0141,62.2,11.7,0,20.6,17.2,17.5,48.7,11.6,16.9,20.3,33.4,11.4,10.9,20.9,34.7,17.9,22.1,20.9,45.5,104.0,82.2,77.9,106.4,90.1
S0142,91.8,12.3,0,30.0,25.3,25.6,56.6,25.1,20.0,30.0,63.8,22.6,25.8,29.4,42.9,30.0,30.0,29.0,52.4,137.5,138.9,120.7,141.4,100.0
S0143,40.0,8.7,0,9.5,12.8,9.5,21.6,10.1,10.2,20.3,8.8,11.7,6.5,1.6,15.8,4.5,8.3,9.3,16.7,53.4,49.4,35.6,38.8,37.3
S0144,52.3,11.4,1,14.1,18.6,18.5,30.8,14.3,13.2,11.4,31.5,10.1,15.6,13.0,24.7,14.5,21.3,24.5,45.9,82.0,70.4,63.4,106.2,76.0
S0145,63.3,10.4,2,16.4,11.4,10.6,36.2,15.6,14.6,23.8,25.6,20.5,17.1,8.5,33.8,18.8,19.9,22.3,36.4,74.6,79.6,79.9,97.4,80.5
S0146,69.7,8.4,0,11.8,14.8,16.5,40.8,14.6,19.8,21.3,47.1,23.0,17.6,16.0,41.9,28.6,27.8,25.3,47.0,83.9,102.8,98.5,128.7,100.0
S0147,40.0,8.6,1,6.8,5.1,10.3,23.3,10.2,4.6,9.9,33.0,13.9,13.5,15.3,25.9,10.5,9.8,11.6,26.1,45.5,57.7,68.6,58.0,50.4
S0148,44.9,12.0,1,7.6,3.2,7.3,29.1,12.7,20.9,6.9,32.1,14.5,1.9,4.6,21.2,10.1,6.2,9.8,21.1,47.2,72.6,42.2,47.2,46.3
S0149,66.7,16.7,1,15.6,15.6,14.8,44.4,8.8,2.9,9.5,46.6,27.3,16.8,20.0,45.7,16.1,15.8,19.8,48.8,90.4,67.8,109.8,100.5,90.5
S0150,71.3,11.9,0,17.2,15.7,17.6,30.4,17.4,13.8,11.3,33.7,16.0,15.9,11.1,46.7,22.1,20.9,15.1,40.1,80.9,76.2,89.7,98.2,85.5
S0151,79.9,11.5,1,13.1,24.1,23.6,44.6,20.4,20.4,22.7,32.0,17.6,17.8,21.2,44.4,21.9,20.9,19.6,48.4,105.4,95.5,101.0,110.8,100.0
S0152,75.4,13.9,1,21.3,21.3,11.4,39.2,14.1,17.8,22.8,23.2,16.0,15.2,14.7,41.9,21.9,26.7,19.2,42.7,93.2,77.9,87.8,110.5,92.4
S0153,51.3,8.2,2,12.2,6.7,14.6,31.0,15.1,13.2,2.5,41.0,12.7,6.4,10.1,28.3,12.2,13.2,18.0,34.2,64.5,71.8,57.5,77.6,63.1
S0154,56.1,13.2,1,16.3,14.1,14.4,45.0,29.7,23.8,20.1,38.1,23.2,17.5,17.4,32.0,16.8,21.2,20.4,45.2,89.8,111.7,90.1,103.6,95.0
S0155,86.3,14.3,0,15.3,19.9,20.5,30.1,15.4,17.6,22.9,31.5,12.0,15.7,12.0,43.0,15.4,15.6,17.3,39.8,85.8,87.4,82.7,88.1,86.0
S0156,53.5,12.5,1,12.6,20.7,21.6,26.4,13.4,11.5,11.1,35.4,9.1,12.8,8.6,37.9,14.1,13.1,16.7,21.5,81.3,71.4,68.4,65.4,67.3
S0157,85.6,16.8,0,27.1,19.4,16.6,49.6,19.1,27.5,29.3,43.2,30.0,27.9,30.0,57.3,24.3,21.6,26.4,62.7,112.7,119.1,145.2,135.0,100.0
S0158,67.8,12.9,0,14.0,7.9,10.3,29.2,17.6,21.4,21.3,40.0,22.4,25.4,23.9,52.0,16.7,15.9,15.2,45.0,61.4,100.3,123.7,92.8,93.1
S0159,48.6,7.0,0,7.2,15.7,12.1,23.8,11.7,15.1,14.5,19.5,8.8,11.0,15.3,13.6,10.1,12.2,12.1,27.7,58.8,60.8,48.7,62.1,52.3
S0160,69.1,12.1,1,17.1,19.1,16.1,55.5,18.5,13.3,14.5,43.5,22.6,18.2,20.5,35.5,19.7,20.3,20.2,45.9,107.8,89.8,96.8,106.1,98.9
S0161,45.1,8.9,1,5.4,4.1,14.9,12.9,5.2,6.9,3.0,22.4,12.7,11.0,12.2,30.2,10.9,14.4,8.7,25.8,37.3,37.5,66.1,59.8,44.2
S0162,67.5,14.9,0,15.6,19.1,16.1,41.6,19.1,17.2,12.5,29.1,25.8,17.8,12.4,45.4,23.3,23.3,21.0,57.4,92.4,77.9,101.4,125.0,97.7
S0163,76.3,17.0,0,18.7,8.9,13.0,49.4,27.0,19.0,23.4,44.2,21.9,21.3,20.8,55.6,24.1,22.9,23.3,46.1,90.0,113.6,119.6,116.4,100.0
S0164,47.3,8.2,1,15.0,13.6,13.9,26.2,13.3,14.2,13.2,32.3,16.2,19.0,15.9,26.6,12.5,19.3,16.5,32.8,68.7,73.0,77.7,81.1,69.6
S0165,68.4,17.6,0,20.7,21.6,16.3,42.9,23.6,19.0,18.7,41.5,30.0,29.0,30.0,40.5,23.3,22.8,18.9,47.9,101.5,102.8,129.5,112.9,100.0
S0166,68.1,12.6,0,17.9,21.3,18.1,30.2,15.2,19.0,16.1,42.2,20.4,25.0,24.7,38.5,16.9,21.6,24.7,42.5,87.5,92.5,108.6,105.7,97.2
S0167,70.3,14.2,0,22.4,17.0,19.8,43.6,22.0,15.1,15.6,32.5,20.1,18.8,26.0,35.0,22.4,21.1,21.8,47.4,102.8,85.2,99.9,112.7,99.2
S0168,97.9,15.6,0,23.4,24.0,23.2,48.5,24.3,30.0,30.0,50.6,28.0,30.0,30.0,48.8,28.2,30.0,29.5,57.8,119.1,134.9,136.8,145.5,100.0
S0169,40.0,6.5,3,15.7,11.4,12.9,18.2,8.8,6.2,8.7,25.3,13.4,13.2,11.7,38.7,11.9,16.5,18.1,38.8,58.2,49.0,77.0,85.3,60.4
S0170,61.2,11.7,0,11.4,12.6,10.6,33.3,12.9,13.4,6.1,30.6,21.9,24.0,19.2,32.7,16.7,16.1,13.0,36.6,67.9,63.0,97.8,82.4,75.0
S0171,60.8,11.1,2,12.3,8.3,4.2,30.5,5.8,11.7,15.4,24.0,12.5,12.1,13.4,28.2,10.3,4.3,10.5,30.8,55.3,56.9,66.2,55.9,55.7
S0172,40.0,9.2,0,9.2,8.5,11.8,25.9,7.9,6.3,8.1,29.6,11.0,14.3,9.9,16.4,13.6,13.6,12.9,30.0,55.4,51.9,51.6,70.1,50.2
S0173,58.3,11.9,1,5.2,5.1,17.5,34.4,15.2,19.1,17.3,39.8,12.3,19.5,16.5,32.5,20.8,23.1,18.0,33.8,62.2,91.4,80.8,95.7,79.2
S0174,63.3,14.0,1,16.3,19.1,18.5,43.7,17.6,10.9,22.0,40.8,22.0,19.5,18.2,31.7,22.3,22.8,23.4,45.5,97.6,91.3,91.4,114.0,96.2
S0175,54.2,9.6,0,22.2,23.4,21.4,38.0,9.9,19.5,18.1,37.1,20.8,20.3,25.7,45.4,19.3,20.6,24.9,52.1,105.0,84.6,112.2,116.9,100.0
S0176,66.2,13.2,1,22.8,20.4,23.0,47.6,23.5,21.5,21.8,32.9,18.0,23.9,14.1,40.7,21.0,16.3,21.9,47.2,113.8,99.7,96.7,106.4,100.0
S0177,53.3,13.6,1,19.2,17.8,12.0,32.2,17.5,13.4,8.6,32.5,18.4,16.9,21.8,29.1,20.6,17.3,20.8,37.6,81.2,72.0,86.2,96.3,79.6
S0178,94.3,13.4,0,26.9,19.1,27.8,56.4,17.5,17.4,18.6,42.5,16.9,14.0,15.2,51.1,27.4,27.8,25.5,53.7,130.2,96.0,97.2,134.4,100.0
S0179,66.2,11.9,0,14.4,13.1,14.9,33.1,5.8,12.9,16.7,27.2,15.5,23.8,14.3,28.8,14.4,16.4,12.0,33.8,75.5,62.6,82.4,76.6,72.5
S0180,100.0,15.3,0,26.2,25.7,30.0,57.5,23.6,21.0,15.4,51.1,28.5,25.9,30.0,68.0,27.1,30.0,30.0,52.9,139.4,111.1,152.4,140.0,100.0
S0181,75.7,14.6,1,15.7,27.2,20.2,32.5,15.1,12.3,16.3,31.1,25.8,23.7,24.8,37.7,14.8,16.8,25.6,48.3,95.6,74.8,112.0,105.5,97.0
S0182,42.2,9.6,1,10.1,6.2,16.5,26.8,11.4,10.1,11.5,9.3,8.8,14.7,18.8,17.9,13.6,14.6,19.0,25.3,59.6,42.3,60.2,72.5,52.1
S0183,44.3,5.9,1,12.8,17.7,17.6,18.0,8.1,2.9,7.1,16.9,5.7,5.3,11.8,11.1,11.8,11.9,11.4,19.3,66.1,35.0,33.9,54.4,41.2
S0184,72.0,15.6,0,22.3,24.4,23.7,34.9,6.7,19.8,23.9,38.5,14.7,12.1,23.9,40.4,23.7,19.4,16.9,48.2,105.3,88.9,91.1,108.2,97.8
S0185,49.4,9.9,1,13.7,15.0,16.1,26.7,11.7,9.6,13.8,20.1,9.6,12.7,16.5,29.7,17.6,10.4,10.8,31.7,71.5,55.2,68.5,70.5,61.3
S0186,76.7,12.3,0,16.7,24.5,21.0,34.7,16.2,21.0,27.3,39.4,24.8,15.5,17.3,34.4,25.5,25.2,18.8,46.0,96.9,103.9,92.0,115.5,100.0
S0187,66.0,13.7,0,17.4,18.9,23.5,51.4,19.9,19.7,13.7,51.2,24.5,20.9,21.5,47.6,18.1,19.5,20.0,51.3,111.2,104.5,114.5,108.9,100.0
S0188,58.1,14.1,0,17.3,17.9,17.5,41.1,10.8,7.3,12.0,39.3,16.9,17.4,22.0,38.7,20.7,17.5,22.7,32.0,93.8,69.4,95.0,92.9,84.4
S0189,57.0,7.7,0,5.6,7.7,2.2,36.7,19.3,15.9,14.3,36.5,16.8,13.8,10.3,26.3,11.6,7.4,10.4,22.3,52.2,86.0,67.2,51.7,60.7
S0190,46.5,8.0,0,0.0,8.2,4.3,11.1,0.0,7.1,2.7,20.6,9.3,2.9,3.7,27.5,12.0,12.9,12.7,22.6,23.6,30.4,43.4,60.2,33.7
S0191,53.5,11.7,0,11.0,16.3,14.5,29.7,19.2,15.6,19.4,36.8,13.5,20.0,16.2,34.7,10.9,11.9,18.2,39.1,71.5,91.0,84.4,80.1,77.4
S0192,82.1,15.7,0,14.3,13.8,18.2,34.7,17.2,23.6,30.0,35.2,18.8,19.7,12.0,39.6,22.9,24.3,22.6,42.1,81.0,106.0,90.1,111.9,97.2
S0193,56.0,12.9,0,14.2,9.7,13.3,31.8,19.8,23.2,19.8,29.6,15.8,22.0,20.6,31.5,12.9,20.9,26.5,43.5,69.0,92.4,89.9,103.8,85.0
S0194,51.2,7.9,1,9.0,8.4,14.4,15.7,9.5,14.0,14.6,0.0,3.8,5.2,0.6,27.1,10.3,4.2,14.1,27.1,47.5,38.1,36.7,55.7,39.7
S0195,68.9,10.8,0,14.3,11.8,6.6,43.0,21.1,16.5,16.9,42.9,17.9,14.0,16.1,39.6,19.9,17.3,18.1,31.9,75.7,97.4,87.6,87.2,85.8
S0196,64.4,13.2,0,22.8,20.2,19.7,35.4,14.4,9.8,10.0,47.6,17.7,18.8,22.3,40.5,18.2,18.2,17.7,47.3,98.1,81.8,99.3,101.4,93.0
S0197,53.5,7.5,0,12.5,16.9,7.3,31.3,5.2,4.3,0.0,19.6,14.7,12.7,10.8,21.0,9.8,15.4,16.8,32.7,68.0,29.1,59.2,74.7,53.4
S0198,53.9,6.6,0,17.2,14.9,19.0,39.0,22.4,20.5,14.9,31.9,17.1,12.2,21.7,40.7,21.0,15.1,16.3,39.6,90.1,89.7,91.7,92.0,86.7
S0199,70.1,13.0,1,18.0,16.8,16.3,48.2,14.3,17.3,9.6,27.3,15.6,21.8,13.7,31.5,17.7,23.6,17.8,45.5,99.3,68.5,82.6,104.6,87.8
S0200,46.1,10.7,1,5.5,7.5,10.9,13.3,10.7,0.0,13.8,24.1,7.0,5.9,13.5,22.7,10.2,11.2,15.8,30.8,37.2,48.6,49.1,68.0,44.9
S0201,62.3,8.2,0,21.1,22.8,16.9,45.0,22.4,19.9,18.0,44.3,18.0,10.5,17.3,47.9,19.7,19.4,23.6,43.8,105.8,104.6,93.7,106.5,100.0
S0202,77.5,11.5,0,17.5,8.6,18.8,46.4,11.9,14.8,14.7,24.7,21.6,25.7,15.8,37.4,28.6,24.8,23.7,43.7,91.3,66.1,100.5,120.8,94.7
S0203,70.0,16.2,0,22.9,19.4,24.5,39.0,22.3,19.7,24.5,45.9,16.6,16.4,30.0,37.5,26.9,24.2,20.5,47.5,105.8,112.4,100.5,119.1,100.0
S0204,64.0,19.0,1,15.8,18.4,22.1,50.6,16.3,23.9,16.5,40.5,21.4,18.8,20.2,40.3,26.8,28.5,22.7,51.4,106.9,97.2,100.7,129.4,100.0
S0205,40.0,8.3,1,2.7,10.0,9.5,21.9,7.9,10.3,6.1,19.8,10.3,2.9,3.1,26.8,11.7,8.0,10.0,25.5,44.1,44.1,43.1,55.2,39.6
S0206,55.0,8.0,1,14.2,10.9,13.8,22.9,10.9,17.3,14.7,26.7,8.6,16.7,9.0,27.0,13.2,14.0,12.4,26.7,61.8,69.6,61.3,66.3,60.8
S0207,58.2,13.0,0,19.1,11.0,12.0,34.1,9.4,11.3,19.7,35.9,16.1,11.9,14.8,40.1,13.2,14.9,17.1,35.3,76.2,76.3,82.9,80.5,75.6
S0208,82.5,16.1,0,14.0,17.9,21.7,34.7,13.0,19.2,21.0,36.6,19.4,19.3,18.9,37.8,18.4,16.9,22.2,50.9,88.3,89.8,95.4,108.4,95.5
S0209,51.8,12.1,0,14.2,13.0,22.4,51.3,23.6,29.1,24.7,35.7,13.9,19.4,19.8,43.8,19.0,27.3,26.6,46.1,100.9,113.1,96.9,119.0,100.0
S0210,100.0,16.4,0,30.0,23.4,29.2,56.4,28.8,30.0,28.1,61.2,28.1,29.2,27.2,54.0,23.8,27.3,30.0,63.6,139.0,148.1,138.5,144.7,100.0
S0211,70.9,12.6,0,13.1,12.5,12.8,44.3,16.8,11.5,16.8,41.0,15.2,16.4,20.6,43.3,17.2,20.4,18.1,49.7,82.7,86.1,95.5,105.4,91.6
S0212,75.5,13.2,0,27.0,23.7,24.0,40.6,20.8,19.0,20.8,45.0,25.7,17.2,18.3,43.1,17.8,23.6,23.1,59.4,115.3,105.6,104.3,123.9,100.0
S0213,69.7,14.8,0,16.0,15.0,12.6,38.8,17.3,16.2,12.8,32.1,29.9,22.9,14.5,40.2,22.6,18.4,23.3,37.8,82.4,78.4,107.5,102.1,91.5
S0214,73.4,17.0,1,20.8,11.0,17.4,46.9,24.2,24.0,21.5,35.8,15.7,17.8,18.4,38.5,23.6,27.9,26.4,48.8,96.1,105.5,90.4,126.7,100.0
S0215,57.7,11.8,1,12.5,16.6,17.5,22.5,12.2,16.0,9.7,36.0,16.6,12.6,4.6,29.8,19.3,10.5,18.4,29.0,69.1,73.9,63.6,77.2,67.5
S0216,80.4,13.5,1,21.2,25.3,15.0,39.0,19.1,14.4,17.1,40.0,16.7,18.7,21.1,43.2,23.0,20.2,22.7,50.3,100.5,90.6,99.7,116.2,100.0
S0217,53.2,9.3,2,9.6,13.1,8.3,26.2,17.0,15.0,11.2,29.8,16.5,17.5,11.5,28.6,10.7,10.5,18.1,30.7,57.2,73.0,74.1,70.0,64.2
S0218,60.2,8.2,0,13.5,9.2,11.1,32.1,9.7,1.1,20.5,43.3,9.8,15.7,16.4,10.8,10.6,14.7,17.7,39.2,65.9,74.6,52.7,82.2,65.9
S0219,53.0,12.5,0,13.2,12.3,12.0,27.8,20.3,24.4,18.7,35.4,15.6,9.9,17.5,25.4,9.8,12.6,17.5,31.2,65.3,98.8,68.4,71.1,71.5
S0220,62.6,12.1,0,11.6,13.2,10.1,37.0,7.3,7.8,4.9,33.8,12.9,23.1,16.5,33.9,14.3,15.3,16.2,31.7,71.9,53.8,86.4,77.5,69.9
S0221,92.5,17.6,0,28.4,29.6,29.6,60.5,30.0,28.0,26.0,50.1,25.8,29.2,30.0,68.1,26.8,27.8,29.2,63.2,148.1,134.1,153.1,147.0,100.0
S0222,40.0,13.3,2,4.7,8.2,9.0,19.3,4.6,3.8,8.2,0.0,2.9,4.5,4.5,9.1,7.3,4.6,9.4,19.1,41.2,16.6,21.0,40.4,22.8
S0223,59.9,14.5,0,17.5,14.9,16.4,34.9,16.4,22.6,29.0,37.7,22.6,25.6,30.0,43.7,18.3,15.0,23.5,51.8,83.7,105.7,121.9,108.6,100.0
S0224,47.6,6.1,2,3.9,5.8,4.3,15.8,0.0,0.0,1.3,14.3,4.9,15.7,11.0,27.3,10.1,11.9,13.2,14.9,29.8,15.6,58.9,50.1,33.1
S0225,57.4,9.9,0,2.9,8.8,15.7,36.2,10.3,11.1,4.4,30.7,15.9,9.3,8.7,22.5,14.5,16.9,16.3,38.2,63.6,56.5,56.4,85.9,62.1
S0226,74.2,17.2,1,19.5,25.6,30.0,50.2,14.2,15.7,22.1,41.8,19.9,19.5,23.6,49.4,23.5,28.2,30.0,49.0,125.3,93.8,112.4,130.7,100.0
S0227,63.0,12.4,0,25.2,24.2,18.4,26.2,11.9,10.8,6.4,30.6,15.9,6.5,10.2,31.3,21.4,17.7,11.8,41.5,94.0,59.7,63.9,92.4,75.1
S0228,51.2,6.2,0,13.5,15.4,10.9,25.0,9.2,18.1,12.3,8.5,11.4,11.9,8.5,20.9,8.4,11.9,8.2,24.2,64.8,48.1,52.7,52.7,49.8
S0229,48.7,11.9,0,11.9,12.3,14.6,14.7,16.3,9.9,9.9,18.4,9.5,12.2,11.0,23.0,15.1,13.8,16.4,31.6,53.5,54.5,55.7,76.9,54.9
S0230,64.3,12.5,0,17.3,23.4,20.0,41.0,18.6,22.1,20.0,42.5,20.1,19.6,19.8,38.3,21.2,24.8,23.6,51.2,101.7,103.2,97.8,120.8,100.0
S0231,54.4,13.8,0,12.0,13.6,12.7,37.8,12.9,14.1,16.7,38.1,18.6,13.5,18.9,44.0,12.8,16.3,17.4,25.1,76.1,81.8,95.0,71.6,77.0
S0232,56.9,14.7,0,18.5,14.2,18.7,30.3,10.1,18.6,14.2,33.7,13.9,7.0,4.8,42.8,21.5,21.1,20.7,38.6,81.7,76.6,68.5,101.9,78.6
S0233,65.8,11.2,1,10.8,18.3,9.8,29.3,10.4,8.8,10.9,35.2,20.9,20.5,19.0,42.5,20.6,18.5,20.4,40.5,68.2,65.3,102.9,100.0,82.3
S0234,40.2,12.8,1,16.7,17.7,20.8,31.8,20.7,13.5,13.1,33.2,18.9,22.3,20.6,31.5,11.4,15.4,12.9,42.3,87.0,80.5,93.3,82.0,78.7
S0235,97.2,17.9,0,28.0,25.1,25.9,46.3,20.3,27.3,26.9,47.1,23.0,22.0,25.4,48.6,28.5,30.0,30.0,60.5,125.3,121.6,119.0,149.0,100.0
S0236,73.8,15.4,0,21.0,18.0,16.9,36.5,25.7,24.5,21.9,41.3,13.2,17.3,23.9,44.5,21.9,19.5,23.8,55.8,92.4,113.4,98.9,121.0,100.0
S0237,40.0,7.5,1,7.7,8.2,7.2,16.9,4.5,0.0,5.5,7.1,7.5,0.7,3.7,20.3,6.1,2.5,8.9,24.4,40.0,17.1,32.2,41.9,25.8
S0238,72.2,10.8,0,16.2,18.0,17.4,31.9,15.4,12.7,18.8,40.6,14.7,17.4,16.9,32.3,20.4,18.8,25.3,40.9,83.5,87.5,81.3,105.4,88.9
S0239,67.0,8.9,0,14.9,14.6,7.0,25.7,17.1,16.9,16.8,27.1,20.3,15.7,17.1,34.2,15.0,19.2,17.9,30.0,62.2,77.9,87.3,82.1,75.8
S0240,80.9,16.4,0,21.5,21.8,27.0,46.9,24.7,26.3,25.1,42.9,20.2,17.1,19.5,48.7,27.7,28.9,26.9,46.1,117.2,119.0,105.5,129.6,100.0
S0241,40.0,9.2,0,10.2,17.6,15.3,28.3,10.6,7.4,1.9,18.8,9.0,7.2,8.6,38.1,8.9,7.4,6.4,29.5,71.4,38.7,62.9,52.2,49.3
S0242,50.3,10.9,1,12.5,17.7,18.5,34.3,12.2,0.0,7.8,36.5,10.9,11.1,15.8,31.7,16.7,13.3,14.1,31.5,83.0,56.5,69.5,75.6,66.2
S0243,63.4,11.5,0,18.0,18.6,22.4,36.9,16.5,19.2,20.9,52.9,22.8,22.6,18.4,34.2,17.6,22.5,21.4,44.7,95.9,109.5,98.0,106.2,100.0
S0244,73.1,15.2,0,25.4,26.7,19.4,44.8,20.1,13.3,20.0,33.2,17.9,13.6,14.9,42.5,24.1,20.0,24.8,56.1,116.3,86.6,88.9,125.0,100.0
S0245,51.0,12.9,1,4.8,2.7,8.6,20.9,13.8,1.9,2.7,18.2,10.4,8.7,7.9,31.3,6.5,10.0,9.3,22.3,37.0,36.6,58.3,48.1,40.2
S0246,52.0,9.0,0,7.9,11.8,12.2,33.2,13.2,0.0,3.8,30.8,18.2,16.5,21.4,20.9,16.9,14.7,18.2,34.1,65.1,47.8,77.0,83.9,63.8
S0247,57.5,10.8,1,13.8,20.8,20.8,26.0,15.6,18.4,13.1,33.6,11.8,8.2,0.0,18.0,13.3,18.9,17.5,25.9,81.4,80.7,38.0,75.6,65.4
S0248,47.7,13.1,0,12.5,11.5,3.9,26.1,19.9,17.3,17.7,21.8,12.7,20.0,18.5,29.0,12.0,10.6,12.4,33.2,54.0,76.7,80.2,68.2,64.3
S0249,79.4,16.6,1,24.1,20.4,22.0,45.8,24.3,22.4,28.0,28.2,24.4,21.0,23.4,51.5,22.7,27.9,28.7,61.1,112.3,102.9,120.3,140.4,100.0
S0250,55.8,14.0,0,18.1,15.1,14.2,37.7,17.9,24.2,18.8,46.5,20.7,16.9,11.2,39.8,18.4,19.5,19.0,44.2,85.1,107.4,88.6,101.1,91.7
S0251,40.0,6.5,1,8.6,4.6,9.3,16.2,1.5,7.7,13.4,25.8,12.3,7.4,10.4,27.7,14.2,13.7,11.6,23.4,38.7,48.4,57.8,62.9,44.9
S0252,62.8,15.3,0,25.4,19.9,22.1,36.4,5.5,18.8,19.8,28.2,19.5,27.1,26.2,41.9,22.5,16.6,15.0,48.6,103.8,72.3,114.7,102.7,95.9
S0253,80.9,17.4,0,18.6,19.7,20.0,56.9,25.9,18.1,20.9,48.4,26.4,28.5,30.0,46.7,30.0,23.0,25.7,66.3,115.2,113.3,131.6,145.0,100.0
S0254,83.4,16.8,0,16.7,12.4,13.9,45.6,18.7,18.7,18.4,54.1,19.5,16.3,8.5,58.7,28.2,25.5,23.4,51.2,88.6,109.9,103.0,128.3,100.0
S0255,40.0,10.3,2,7.9,8.1,8.3,23.1,5.4,0.0,8.2,28.5,2.8,9.6,15.1,13.3,10.4,10.8,9.2,22.7,47.4,42.1,40.8,53.1,38.8
S0256,77.0,15.9,1,6.5,12.7,9.8,26.3,13.7,12.1,14.4,34.7,14.7,15.1,11.9,23.9,13.4,10.7,14.7,34.4,55.3,74.9,65.6,73.2,67.2
S0257,81.9,16.6,1,20.4,17.0,22.9,49.1,19.9,18.8,30.0,43.3,29.6,27.6,28.1,55.5,25.8,22.0,25.7,59.1,109.4,112.0,140.8,132.6,100.0
S0258,54.6,10.7,1,18.7,22.1,16.1,29.9,17.1,18.0,11.0,26.1,9.1,9.1,14.3,25.6,12.3,14.6,15.5,33.9,86.8,72.2,58.1,76.3,69.3
S0259,60.7,13.6,0,17.4,19.4,7.2,41.0,17.0,17.0,19.9,35.7,15.0,13.3,12.7,39.8,18.5,20.8,23.9,45.2,85.0,89.6,80.8,108.4,88.1
S0260,77.4,13.4,0,19.7,23.5,20.2,36.7,14.3,18.9,16.3,48.3,16.2,19.0,22.5,46.6,17.2,18.6,22.4,55.1,100.1,97.8,104.3,113.3,100.0
S0261,45.7,10.2,1,6.0,5.4,4.6,25.3,15.5,17.0,9.9,16.8,14.4,11.1,10.3,32.1,15.5,16.7,14.3,30.2,41.3,59.2,67.9,76.7,55.4
S0262,62.2,11.2,0,12.5,16.9,9.9,35.4,13.3,24.5,19.9,25.7,17.5,24.1,12.1,32.8,16.2,13.1,14.3,44.3,74.7,83.4,86.5,87.9,80.6
S0263,47.5,4.8,2,1.0,0.0,0.0,5.7,5.1,2.5,3.7,13.0,2.0,0.0,6.5,15.0,3.5,2.2,4.0,9.3,6.7,24.3,23.5,19.0,12.9
S0264,48.3,11.9,2,9.3,13.4,12.9,10.9,7.7,4.0,22.2,22.1,7.4,15.0,10.4,11.7,9.1,15.3,16.0,18.8,46.5,56.0,44.5,59.2,46.2
S0265,68.0,9.3,0,19.2,17.9,21.8,32.2,10.3,12.8,12.7,40.2,15.2,14.6,11.8,37.3,17.7,17.4,21.6,42.1,91.1,76.0,78.9,98.8,84.8
S0266,40.7,10.9,0,11.8,13.1,13.1,34.4,9.6,5.4,2.1,15.2,3.8,7.5,7.6,17.1,8.8,10.1,14.7,25.1,72.4,32.3,36.0,58.7,43.0
S0267,82.3,19.0,0,18.3,15.4,17.2,48.2,21.8,29.2,27.3,47.8,24.4,27.5,27.3,61.0,25.9,30.0,27.0,58.1,99.1,126.1,140.2,141.0,100.0
S0268,58.1,7.9,0,9.7,5.7,9.5,14.9,10.7,8.3,0.0,11.6,12.6,8.7,9.2,21.1,12.7,7.5,9.0,23.6,39.8,30.6,51.6,52.8,40.3
S0269,51.4,6.6,1,15.2,16.8,13.7,31.6,11.3,9.0,10.9,28.1,8.9,14.4,16.8,26.7,17.7,19.1,19.7,32.4,77.3,59.3,66.8,88.9,68.4
S0270,78.1,11.1,0,20.4,14.8,13.1,37.0,6.0,7.3,11.8,22.5,10.5,2.1,4.5,40.8,18.3,23.3,24.5,41.7,85.3,47.6,57.9,107.8,74.6
S0271,85.8,18.5,0,28.2,27.5,20.6,55.6,18.8,23.2,26.5,42.7,29.2,23.8,20.9,56.1,20.0,21.2,26.6,53.4,131.9,111.2,130.0,121.2,100.0
S0272,40.0,8.1,0,4.6,0.8,0.0,11.7,12.3,9.9,14.5,7.6,6.7,4.0,6.6,24.0,19.0,18.0,14.3,28.0,17.1,44.3,41.3,79.3,38.5
S0273,81.7,13.1,0,17.4,22.1,20.3,50.0,18.2,15.6,15.6,48.8,26.1,19.3,28.5,41.6,29.1,24.1,20.7,52.3,109.8,98.2,115.5,126.2,100.0
S0274,69.9,11.0,0,10.3,7.4,12.5,37.5,13.4,22.2,18.2,37.8,15.4,14.8,15.5,32.6,19.9,17.0,14.9,37.6,67.7,91.6,78.3,89.4,80.7
S0275,54.6,11.0,1,9.8,12.4,11.7,23.0,15.2,9.0,6.3,9.8,10.6,12.4,16.7,25.0,10.2,12.3,13.7,23.5,56.9,40.3,64.7,59.7,51.3
S0276,55.3,14.3,0,19.3,21.0,18.0,40.5,13.1,14.7,10.5,46.8,20.0,22.1,20.8,40.1,19.8,22.3,22.7,45.8,98.8,85.1,103.0,110.6,95.4
S0277,58.7,12.1,1,20.1,15.7,12.7,42.0,7.8,14.1,16.8,53.0,13.4,15.8,14.9,42.0,17.1,21.1,17.1,42.3,90.5,91.7,86.1,97.6,88.2
S0278,52.5,9.6,1,12.2,14.7,16.5,33.0,11.2,3.4,1.8,26.9,13.6,10.7,11.4,17.0,18.3,21.5,18.6,33.9,76.4,43.3,52.7,92.3,61.7
S0279,62.3,11.4,0,14.3,15.9,11.0,27.7,12.5,15.9,13.8,28.2,14.8,16.9,16.4,38.2,18.8,18.3,20.6,35.4,68.9,70.4,86.3,93.1,77.1
S0280,62.1,9.1,0,14.1,11.7,16.2,34.8,8.1,4.8,4.4,49.8,8.9,11.5,15.7,29.6,13.3,17.8,13.8,27.4,76.8,67.1,65.7,72.3,67.9
S0281,64.9,15.5,0,12.5,9.8,9.3,34.6,14.2,18.7,20.2,23.6,17.9,21.1,24.8,31.6,16.9,16.4,21.2,43.3,66.2,76.7,95.4,97.8,82.0
S0282,59.7,13.1,0,26.7,15.5,14.4,41.0,20.0,14.2,25.4,38.9,18.1,21.6,22.3,38.0,24.6,25.9,22.9,53.6,97.6,98.5,100.0,127.0,100.0
S0283,85.0,18.7,0,16.1,20.1,16.0,50.3,21.5,25.0,17.3,49.1,23.0,23.4,28.8,51.0,30.0,29.1,30.0,53.2,102.5,112.9,126.2,142.3,100.0
S0284,51.3,11.7,1,10.3,3.8,5.2,20.4,10.7,15.6,3.6,30.4,5.2,3.6,3.5,0.7,15.7,15.2,12.1,31.8,39.7,60.3,13.0,74.8,42.2
S0285,93.4,19.8,0,30.0,28.4,30.0,62.6,30.0,30.0,26.9,55.7,30.0,25.9,24.9,53.9,30.0,30.0,26.9,65.5,151.0,142.6,134.7,152.4,100.0
S0286,46.0,5.9,1,6.4,5.3,8.4,13.5,4.3,6.3,6.8,9.7,10.1,6.5,4.2,9.4,6.6,2.1,3.8,16.2,33.6,27.1,30.2,28.7,24.1
S0287,66.8,12.4,1,13.8,16.8,20.1,25.6,15.3,13.6,15.4,23.7,19.1,16.3,17.5,37.0,7.2,7.7,12.5,35.6,76.3,68.0,89.9,63.0,72.7
S0288,73.1,13.5,0,16.5,15.9,19.5,37.4,14.6,12.8,13.3,35.5,17.6,19.2,18.1,36.8,21.7,21.6,20.5,39.8,89.3,76.2,91.7,103.6,89.8
S0289,65.0,11.0,2,15.8,14.8,11.8,37.7,11.6,20.7,17.8,27.5,10.4,16.0,20.1,37.1,19.2,14.1,16.5,46.9,80.1,77.6,83.6,96.7,82.5
S0290,40.9,11.0,0,17.9,18.6,14.7,34.9,9.0,6.7,11.6,26.7,20.8,17.5,12.0,38.1,14.8,17.1,17.2,28.4,86.1,54.0,88.4,77.5,69.7
S0291,62.8,9.1,1,5.5,10.4,9.7,35.3,11.3,7.1,16.1,26.1,14.8,14.9,15.6,39.2,16.7,19.3,17.9,33.2,60.9,60.6,84.5,87.1,70.8
S0292,57.4,13.0,0,19.1,17.9,21.3,23.7,14.2,16.8,5.3,16.4,10.6,12.4,16.3,35.6,11.1,13.7,14.7,37.8,82.0,52.7,74.9,77.3,68.2
S0293,56.7,9.5,0,6.9,11.0,7.5,42.7,23.8,15.1,12.2,36.0,14.8,12.1,4.9,26.2,16.2,12.2,8.8,23.8,68.1,87.1,58.0,61.0,64.9
S0294,62.5,14.7,0,18.1,12.4,19.9,44.0,14.8,11.5,16.5,36.9,24.7,19.1,28.6,47.7,24.1,27.5,26.5,42.3,94.4,79.7,120.1,120.4,100.0
S0295,57.8,13.5,1,15.2,18.9,22.0,45.1,14.1,7.7,7.8,26.3,17.6,10.6,13.5,37.8,21.6,26.9,23.5,43.3,101.2,55.9,79.5,115.3,84.5
S0296,61.7,9.6,3,14.5,16.0,21.9,25.9,11.3,9.0,19.4,24.4,17.8,13.0,5.2,26.9,16.8,16.1,20.4,32.3,78.3,64.1,62.9,85.6,70.1
S0297,73.0,15.6,0,13.0,11.5,14.3,46.1,20.5,19.3,16.2,41.6,24.7,24.8,23.7,47.4,24.3,25.1,21.5,51.9,84.9,97.6,120.6,122.8,100.0
S0298,71.3,11.9,0,18.5,16.8,20.1,42.0,17.3,18.0,17.3,22.2,13.2,12.1,15.4,35.1,18.1,19.2,14.3,41.4,97.4,74.8,75.8,93.0,84.5
S0299,72.5,15.9,0,27.1,23.7,30.0,49.4,24.6,26.8,25.8,42.7,17.2,17.3,18.8,53.0,21.8,23.5,25.1,60.1,130.2,119.9,106.3,130.5,100.0
S0300,70.2,11.0,0,12.7,14.3,14.3,46.6,5.2,12.7,12.6,30.6,22.9,23.2,25.6,41.2,21.3,20.8,22.5,45.5,87.9,61.1,112.9,110.1,92.0
S0301,59.1,10.0,0,12.2,13.2,6.7,30.6,0.0,3.4,0.0,37.1,1.2,7.6,13.3,30.3,13.6,13.4,10.8,28.4,62.7,40.5,52.4,66.2,52.3
S0302,50.8,14.4,0,10.1,16.9,7.8,26.2,9.7,9.7,9.3,30.8,12.7,8.6,12.6,38.2,17.7,19.2,12.9,29.0,61.0,59.5,72.1,78.8,63.0
S0303,72.2,12.0,0,20.4,24.0,24.7,38.0,23.4,23.7,26.4,36.6,13.9,20.2,22.2,49.6,23.6,29.9,30.0,48.5,107.1,110.1,105.9,132.0,100.0
S0304,66.0,12.3,1,18.1,12.8,8.4,42.0,9.5,19.0,17.0,32.7,17.0,22.3,20.7,33.5,27.2,20.5,25.5,49.1,81.3,78.2,93.5,122.3,92.0
S0305,58.3,13.0,0,12.6,16.1,14.6,39.2,0.0,6.4,6.7,31.4,14.7,10.7,20.9,37.9,24.2,21.2,12.4,44.3,82.5,44.5,84.2,102.1,75.0
S0306,61.0,12.7,0,17.8,22.3,21.3,33.7,18.0,14.5,19.9,38.1,15.1,12.4,9.1,41.8,18.5,14.9,15.7,33.8,95.1,90.5,78.4,82.9,83.9
S0307,79.9,16.2,0,28.3,27.0,25.3,53.2,21.4,16.0,17.0,44.6,19.9,25.6,24.9,54.4,13.0,22.4,28.9,53.1,133.8,99.0,124.8,117.4,100.0
S0308,50.7,11.4,0,11.8,16.5,16.7,36.5,6.6,1.5,4.7,25.0,8.8,10.0,12.3,22.5,18.3,15.0,13.8,34.2,81.5,37.8,53.6,81.3,58.7
S0309,78.9,14.7,0,20.7,27.6,24.1,33.9,12.1,17.4,18.5,38.1,27.8,15.3,20.7,37.3,19.0,15.3,17.0,48.2,106.3,86.1,101.1,99.5,98.2
S0310,52.3,13.7,0,9.2,15.4,20.5,26.7,8.9,13.7,18.1,25.9,22.5,13.9,11.6,39.2,14.2,17.1,16.5,36.8,71.8,66.6,87.2,84.6,73.0
S0311,57.8,12.2,0,10.4,12.9,10.3,30.8,14.2,16.9,27.7,27.7,10.3,11.2,6.6,28.5,15.3,21.0,15.9,39.0,64.4,86.5,56.6,91.2,71.2
S0312,72.3,14.5,1,22.2,25.6,20.7,46.8,16.3,16.9,22.8,27.4,27.6,20.4,22.0,45.3,22.2,24.7,19.5,48.4,115.3,83.4,115.3,114.8,100.0
S0313,84.0,15.6,0,25.0,23.2,18.5,39.0,20.7,26.7,28.8,47.7,18.4,17.4,20.3,53.7,23.9,23.8,26.6,55.9,105.7,123.9,109.8,130.2,100.0
S0314,73.8,18.0,0,20.4,19.9,23.3,50.2,3.9,7.2,10.7,42.5,20.4,20.3,26.6,43.8,17.3,20.4,16.2,53.2,113.8,64.3,111.1,107.1,98.8
S0315,86.7,15.3,1,20.0,19.1,24.3,49.6,16.0,22.5,16.8,39.2,22.0,28.0,20.6,44.9,21.4,26.9,27.0,48.4,113.0,94.5,115.5,123.7,100.0
S0316,50.4,10.1,1,15.4,21.6,20.8,34.3,9.1,11.1,13.7,46.8,13.5,13.4,19.9,30.4,18.8,15.8,20.0,34.6,92.1,80.7,77.2,89.2,79.9
S0317,72.7,16.1,0,13.4,12.1,20.5,32.1,16.3,13.8,16.7,39.6,23.2,25.9,30.0,44.7,23.2,22.1,17.8,42.5,78.1,86.4,123.8,105.6,98.0
S0318,65.2,10.9,0,16.3,21.4,13.4,22.8,10.6,14.6,9.0,21.6,15.0,20.5,16.5,24.1,18.0,15.9,13.7,38.6,73.9,55.8,76.1,86.2,71.0
S0319,66.7,8.5,0,20.3,20.9,26.0,38.8,20.0,20.5,17.9,41.9,15.6,22.1,15.2,37.4,17.0,14.5,21.1,37.2,106.0,100.3,90.3,89.8,94.9
S0320,68.9,13.3,1,12.9,8.0,17.9,19.7,4.7,10.2,14.6,34.1,10.2,13.4,13.3,36.0,14.1,14.3,17.7,36.1,58.5,63.6,72.9,82.2,68.1
S0321,59.1,11.2,2,13.8,16.0,19.3,40.9,15.3,15.6,17.6,36.2,12.9,6.5,12.0,44.3,16.7,20.6,18.0,42.3,90.0,84.7,75.7,97.6,83.8
S0322,80.8,13.4,0,19.1,10.3,21.8,38.9,20.0,18.7,21.0,34.9,12.3,16.8,20.6,45.8,21.6,23.0,26.0,45.9,90.1,94.6,95.5,116.5,99.2
S0323,70.1,10.5,1,9.8,13.0,6.1,45.0,20.3,28.5,21.7,27.8,12.1,16.3,12.3,22.4,17.8,18.0,19.8,30.7,73.9,98.3,63.1,86.3,79.4
S0324,85.5,18.0,0,24.6,28.2,24.9,68.9,21.4,28.3,24.0,50.7,21.3,22.9,30.0,64.7,22.6,25.5,28.4,58.9,146.6,124.4,138.9,135.4,100.0
S0325,45.8,10.7,1,19.1,13.4,9.6,22.5,11.8,14.8,10.4,26.8,10.1,17.5,10.4,22.9,11.7,13.5,10.7,30.0,64.6,63.8,60.9,65.9,58.0
S0326,58.3,7.9,0,8.7,9.6,13.0,20.9,0.3,4.5,1.4,6.3,15.7,16.9,7.1,15.1,7.2,6.4,8.1,22.1,52.2,12.5,54.8,43.8,37.5
S0327,89.2,16.2,0,19.1,27.5,20.3,51.5,7.7,17.5,28.0,40.3,26.4,26.7,29.1,46.7,18.9,19.9,23.2,51.3,118.4,93.5,128.9,113.3,100.0
S0328,67.8,13.6,1,16.3,15.3,20.6,52.1,22.3,23.2,21.2,52.9,19.7,24.1,13.4,52.5,24.8,24.2,23.0,49.5,104.3,119.6,109.7,121.5,100.0
S0329,66.5,15.2,0,21.1,15.7,22.9,30.3,17.3,17.4,16.7,32.7,18.6,20.1,19.2,43.1,22.6,22.8,25.2,47.0,90.0,84.1,101.0,117.6,96.5
S0330,67.7,14.9,0,17.4,23.6,24.2,29.5,23.3,19.4,14.2,33.9,26.5,13.5,29.2,42.2,22.4,22.8,17.8,46.6,94.7,90.8,111.4,109.6,100.0
S0331,51.1,10.1,0,12.6,21.5,20.0,30.0,7.7,10.0,27.5,28.9,18.0,15.2,16.0,45.1,20.4,18.9,14.3,35.6,84.1,74.1,94.3,89.2,80.6
S0332,43.3,11.7,1,16.4,14.3,9.3,28.2,13.3,0.0,0.5,14.5,10.4,15.7,9.7,17.3,11.5,10.9,13.0,27.3,68.2,28.3,53.1,62.7,46.7
S0333,54.9,11.1,0,21.3,23.1,16.5,37.6,24.3,21.6,16.6,16.5,10.7,9.7,13.3,28.5,16.8,26.8,21.5,40.1,98.5,79.0,62.2,105.2,82.2
S0334,47.3,11.8,0,9.8,16.1,19.6,33.4,13.7,10.4,13.6,24.0,14.3,12.8,13.1,18.5,20.6,20.7,16.0,25.0,78.9,61.7,58.7,82.3,64.9
S0335,74.0,15.4,1,12.3,12.3,19.6,36.5,20.3,27.7,26.8,42.8,24.0,18.5,20.7,48.0,22.1,23.6,18.4,48.5,80.7,117.6,111.2,112.6,100.0
S0336,62.0,15.3,0,18.6,15.1,15.2,18.4,14.0,14.1,19.3,30.5,12.8,20.9,21.2,34.9,19.1,17.5,17.8,39.2,67.3,77.9,89.8,93.6,79.6
S0337,64.0,9.3,1,8.8,14.8,12.0,30.6,3.1,0.3,15.2,23.3,13.2,19.5,12.1,35.9,13.3,11.9,12.9,23.7,66.2,41.9,80.7,61.8,60.4
S0338,50.0,10.4,1,17.0,22.5,10.5,25.6,20.0,17.0,18.1,29.6,13.0,10.0,19.5,33.5,10.4,12.2,16.6,40.6,75.6,84.7,76.0,79.8,74.0
S0339,75.1,13.1,1,9.3,14.7,12.1,25.9,13.4,9.4,8.1,44.0,17.2,18.1,19.5,37.4,13.7,17.0,19.1,49.7,62.0,74.9,92.2,99.5,82.2
S0340,53.2,9.9,0,16.3,11.3,20.1,29.0,14.7,16.0,13.3,25.4,3.3,4.6,12.4,29.4,13.0,8.0,11.4,26.9,76.7,69.4,49.7,59.3,59.4
S0341,51.2,11.4,0,6.7,16.6,9.4,30.2,3.2,7.8,11.4,20.1,11.2,14.0,11.0,27.4,16.5,10.5,15.9,35.6,62.9,42.5,63.6,78.5,57.1
S0342,70.5,9.4,0,19.3,16.0,17.5,35.6,9.8,16.9,27.1,32.6,21.0,21.5,25.0,28.0,21.3,18.5,15.3,41.4,88.4,86.4,95.5,96.5,90.8
S0343,56.1,10.6,2,16.5,15.1,20.3,33.6,22.9,16.1,9.4,39.1,14.7,18.9,17.5,54.3,21.7,21.2,22.2,43.9,85.5,87.5,105.4,109.0,93.1
S0344,58.7,8.5,2,9.1,12.0,8.0,27.7,10.7,11.5,18.5,38.0,13.8,15.0,15.9,33.2,12.0,12.5,9.2,31.0,56.8,78.7,77.9,64.7,66.3
S0345,57.4,12.6,1,11.5,18.4,17.0,26.8,19.8,10.1,12.7,23.1,10.7,23.7,15.5,31.7,20.0,22.5,16.8,37.8,73.7,65.7,81.6,97.1,76.0
S0346,68.9,16.0,1,19.1,21.4,23.1,28.1,15.2,18.9,22.0,35.3,18.6,13.9,12.0,41.6,16.0,12.7,12.7,43.7,91.7,91.4,86.1,85.1,87.4
S0347,46.1,7.9,1,9.1,10.6,10.2,14.8,0.0,5.9,7.1,20.8,8.2,1.7,8.6,24.3,10.6,8.1,11.9,18.5,44.7,33.8,42.8,49.1,36.8
S0348,63.9,7.9,1,11.2,12.1,22.4,22.7,12.9,13.6,7.3,11.2,5.5,5.4,6.0,19.6,10.2,14.8,12.8,17.4,68.4,45.0,36.5,55.2,49.1
S0349,47.8,10.2,0,19.9,16.9,8.3,28.5,8.5,9.7,14.8,25.5,17.9,9.5,8.1,24.0,13.4,14.0,14.4,24.1,73.6,58.5,59.5,65.9,58.9
S0350,55.1,13.7,1,8.0,12.8,18.3,32.7,17.2,17.9,19.6,19.3,18.7,11.2,11.0,36.8,20.6,21.6,16.3,37.5,71.8,74.0,77.7,96.0,75.9
S0351,60.9,11.0,0,23.2,10.5,13.4,31.0,16.1,24.1,25.4,22.1,15.1,12.1,18.1,41.0,17.2,24.2,21.4,45.4,78.1,87.7,86.3,108.2,87.3
S0352,76.1,16.5,0,22.4,21.1,25.2,47.7,13.4,15.0,18.5,49.4,25.1,20.6,19.8,46.3,21.5,21.0,21.5,59.4,116.4,96.3,111.8,123.4,100.0
S0353,67.7,16.3,1,15.6,18.0,20.9,29.5,19.2,19.6,16.5,37.8,22.3,17.6,18.9,53.1,22.3,22.0,23.8,48.7,84.0,93.1,111.9,116.8,100.0
S0354,69.5,12.6,1,9.2,6.7,8.2,33.3,24.9,15.1,7.2,32.3,17.8,18.8,17.6,35.5,15.6,15.3,13.6,32.1,57.4,79.5,89.7,76.6,74.7
S0355,73.1,12.3,0,14.4,16.3,17.2,42.2,17.0,11.7,17.7,32.0,9.1,9.8,5.7,39.6,27.7,17.8,22.2,35.9,90.1,78.4,64.2,103.6,83.7
S0356,44.8,11.3,0,14.4,12.1,4.5,14.8,9.9,10.5,13.0,15.3,15.2,12.9,6.7,33.1,14.4,12.7,8.0,32.6,45.8,48.7,67.9,67.7,51.5
S0357,55.1,6.5,0,14.7,21.9,21.5,30.1,19.9,23.3,14.6,31.8,13.6,18.1,18.9,35.4,16.4,19.5,16.6,36.8,88.2,89.6,86.0,89.3,84.3
S0358,62.1,12.6,0,20.0,23.9,20.6,32.9,14.4,12.7,10.8,20.3,13.2,10.7,10.2,34.3,13.0,15.9,21.6,36.4,97.4,58.2,68.4,86.9,75.1
S0359,61.6,11.6,0,10.9,11.4,17.1,44.6,17.1,15.5,13.9,45.9,28.1,22.8,24.9,43.7,13.8,17.9,17.8,38.1,84.0,92.4,119.5,87.6,93.2
S0360,56.6,6.1,2,11.4,10.8,15.9,22.7,5.5,5.7,1.4,14.2,13.2,14.2,17.5,22.3,10.2,10.3,8.4,31.0,60.8,26.8,67.2,59.9,50.0
S0361,70.2,14.4,0,12.6,14.3,17.9,34.9,18.1,14.9,12.3,35.9,16.9,9.8,17.5,41.3,20.8,18.7,20.7,43.2,79.7,81.2,85.5,103.4,86.5
S0362,69.2,18.9,0,23.7,21.3,22.9,37.6,26.5,25.9,18.4,39.4,14.5,8.5,23.7,52.5,30.0,30.0,27.0,61.9,105.5,110.2,99.2,148.9,100.0
S0363,73.0,11.4,0,18.3,17.7,13.2,33.3,10.0,4.2,7.6,35.6,21.0,20.2,18.0,28.5,20.5,17.7,15.4,41.4,82.5,57.4,87.7,95.0,80.2
S0364,81.4,15.0,0,15.4,13.1,12.8,50.1,23.5,27.1,18.5,33.8,12.5,16.6,20.4,53.6,20.5,21.1,17.7,41.6,91.4,102.9,103.1,100.9,99.6
S0365,65.8,17.1,0,8.0,7.7,18.3,42.5,17.2,14.0,8.2,35.2,15.3,25.2,20.4,34.3,20.4,21.3,30.0,46.7,76.5,74.6,95.2,118.4,89.3
S0366,53.8,13.5,0,14.2,16.4,21.2,29.6,8.4,13.8,23.9,34.9,12.7,13.9,24.3,23.4,16.4,20.4,17.7,32.0,81.4,81.0,74.3,86.5,76.6
S0367,67.1,15.9,1,18.0,19.8,17.6,38.0,20.6,12.2,20.7,34.7,22.7,23.7,28.8,45.7,17.3,20.8,14.6,35.4,93.4,88.2,120.9,88.1,96.1
S0368,64.8,13.5,0,16.9,13.1,14.9,33.9,13.2,17.1,12.5,36.3,19.2,17.2,17.2,39.8,22.9,17.0,22.4,35.4,78.8,79.1,93.4,97.7,85.2
S0369,68.5,12.4,2,20.7,22.3,15.9,29.9,18.8,20.7,19.7,25.9,15.8,17.3,18.9,30.3,17.6,14.3,18.6,41.2,88.8,85.1,82.3,91.7,85.7
S0370,68.3,6.7,1,7.4,6.6,14.4,30.9,9.8,12.3,14.3,14.3,13.5,19.7,21.9,30.9,13.3,15.2,12.6,31.5,59.3,50.7,86.0,72.6,65.8
S0371,60.9,11.6,0,18.1,18.0,19.9,35.4,14.4,9.6,18.6,33.4,13.7,6.2,11.1,44.5,11.2,13.7,13.5,40.1,91.4,76.0,75.5,78.5,77.5
S0372,61.9,11.7,1,22.3,23.7,28.9,39.0,19.3,19.5,14.6,34.8,18.9,20.4,17.3,40.5,19.7,18.6,22.0,43.7,113.9,88.2,97.1,104.0,98.2
S0373,69.2,20.0,0,14.8,17.5,16.7,42.7,22.4,15.9,24.4,51.1,23.3,30.0,30.0,66.4,27.9,29.9,27.4,60.4,91.7,113.8,149.7,145.6,100.0
S0374,68.2,14.2,1,20.9,22.2,19.9,51.4,8.8,11.5,12.9,41.1,24.5,24.1,23.2,35.3,19.6,21.4,16.8,50.7,114.4,74.3,107.1,108.5,99.7
S0375,88.9,18.1,0,23.1,21.8,24.9,59.7,18.4,25.8,18.7,54.8,30.0,30.0,29.4,62.5,26.9,27.9,30.0,67.6,129.5,117.7,151.9,152.4,100.0
S0376,66.7,11.0,1,11.4,10.8,14.4,22.7,15.9,18.0,18.7,12.7,14.3,11.0,8.8,34.3,16.0,17.4,14.7,22.2,59.3,65.3,68.4,70.3,64.2
S0377,68.9,14.4,1,20.7,19.3,18.9,48.7,17.8,18.1,25.2,55.0,18.7,19.2,13.3,50.0,17.9,18.5,25.4,31.8,107.6,116.1,101.2,93.6,100.0
S0378,66.1,15.9,1,14.2,12.0,11.1,32.7,12.8,9.0,25.6,32.9,19.8,18.8,19.3,36.2,21.8,25.2,26.3,42.6,70.0,80.3,94.1,115.9,88.3
S0379,89.5,16.7,0,22.6,23.0,28.2,51.3,17.4,23.4,18.3,58.8,26.1,17.4,26.1,57.0,27.7,26.0,25.1,58.5,125.1,117.9,126.6,137.3,100.0
S0380,61.3,10.2,0,11.7,5.5,11.9,21.1,5.7,7.9,13.5,18.2,7.8,4.9,8.1,29.5,12.2,14.6,17.6,28.7,50.2,45.3,50.3,73.1,52.0
S0381,71.6,8.2,0,7.1,6.9,6.0,14.7,0.8,0.0,3.9,26.5,10.4,6.6,15.5,31.4,9.9,15.5,12.9,27.9,34.7,31.2,63.9,66.2,48.3
S0382,50.2,7.7,0,8.2,8.8,16.6,30.6,11.5,15.6,18.2,16.8,13.5,16.6,12.5,32.7,15.6,11.0,7.7,39.3,64.2,62.1,75.3,73.6,63.8
S0383,40.0,5.0,0,8.3,6.2,11.1,1.3,2.3,3.4,0.0,15.1,9.4,11.5,4.9,19.1,13.8,9.8,7.3,16.0,26.9,20.8,44.9,46.9,27.9
S0384,63.7,10.5,1,8.3,9.2,12.1,21.1,7.5,15.4,8.0,24.6,12.7,14.3,14.1,23.7,17.2,19.7,19.0,33.7,50.7,55.5,64.8,89.6,62.9
S0385,57.9,9.1,0,14.5,13.2,13.3,13.7,10.9,5.6,5.1,25.2,7.5,12.7,12.7,26.0,11.1,15.6,13.7,34.0,54.7,46.8,58.9,74.4,55.3
S0386,78.7,11.0,2,17.8,19.0,20.2,34.8,17.1,0.5,8.8,39.0,16.9,16.2,20.0,31.4,21.9,20.0,18.8,42.6,91.8,65.4,84.5,103.3,86.2
S0387,71.0,10.1,0,9.9,16.2,13.6,36.4,26.6,23.8,17.2,26.4,18.1,22.7,17.6,36.7,18.5,16.7,22.0,41.1,76.1,94.0,95.1,98.3,90.1
S0388,82.8,16.9,0,21.2,19.7,22.4,50.9,15.3,19.8,25.1,45.4,25.7,25.5,30.0,61.5,30.0,30.0,29.6,66.0,114.2,105.6,142.7,155.6,100.0
S0389,78.7,11.6,0,24.4,17.7,10.6,37.2,24.6,13.8,21.9,45.0,24.2,23.0,30.0,46.2,25.1,27.7,23.2,45.3,89.9,105.3,123.4,121.3,100.0
S0390,63.6,12.0,1,8.7,6.1,13.4,20.9,16.9,10.1,14.6,42.5,17.3,14.6,14.3,44.9,5.8,5.8,12.8,33.8,49.1,84.1,91.1,58.2,68.3
S0391,57.2,9.7,2,9.3,8.1,3.9,27.5,6.8,22.1,25.0,22.6,9.3,13.0,17.8,27.0,9.9,7.5,11.3,21.6,48.8,76.5,67.1,50.3,57.1
S0392,72.3,10.4,0,19.4,17.2,23.9,35.5,17.8,15.9,18.9,41.6,15.9,15.2,13.1,41.0,23.1,22.7,14.4,45.9,96.0,94.2,85.2,106.1,94.8
S0393,53.9,7.8,1,12.4,8.0,7.8,22.3,6.5,11.1,4.4,18.7,5.5,11.1,15.2,22.0,11.1,12.8,13.5,24.5,50.5,40.7,53.8,61.9,47.5
S0394,94.4,15.4,0,22.7,17.9,20.4,47.1,23.6,20.0,28.6,64.7,27.6,21.9,28.0,51.1,24.3,24.6,27.7,68.2,108.1,136.9,128.6,144.8,100.0
S0395,87.9,15.8,0,18.3,17.4,17.0,46.9,27.3,13.8,14.3,30.7,27.5,20.8,25.2,47.6,22.0,24.8,24.9,46.0,99.6,86.1,121.1,117.7,100.0
S0396,61.3,13.4,0,18.8,17.3,14.6,36.9,15.6,13.5,18.1,28.5,12.5,15.7,15.2,37.2,9.5,9.6,15.6,30.9,87.6,75.7,80.6,65.6,74.6
S0397,40.0,3.6,1,14.4,14.0,16.9,20.0,9.6,7.3,15.6,3.5,6.8,6.8,0.0,17.9,8.3,2.1,3.8,22.7,65.3,36.0,31.5,36.9,35.4
S0398,80.2,15.9,0,25.4,21.6,12.1,45.1,18.4,17.3,21.7,26.7,28.4,24.2,21.3,45.1,30.0,26.7,27.3,56.6,104.2,84.1,119.0,140.6,100.0
S0399,70.2,11.4,0,15.1,13.3,19.6,34.2,6.7,9.1,4.6,33.5,17.5,20.2,15.8,28.7,19.5,18.7,13.7,38.6,82.2,53.9,82.2,90.5,76.2
S0400,71.1,16.7,0,17.7,15.3,20.0,44.9,19.0,20.7,16.3,45.4,23.7,20.6,17.9,45.9,30.0,26.9,27.3,49.4,97.9,101.4,108.1,133.6,100.0
S0401,44.9,8.1,0,4.6,5.8,2.6,17.7,13.7,10.5,16.2,14.7,3.6,4.7,7.5,18.9,11.9,7.4,14.7,17.8,30.7,55.1,34.7,51.8,37.1
S0402,51.3,8.9,0,14.6,10.4,7.7,25.8,4.3,1.1,6.2,25.7,15.8,20.3,15.5,36.2,17.6,10.9,10.2,37.7,58.5,37.3,87.8,76.4,60.3
S0403,62.3,11.4,2,17.0,18.6,24.2,32.9,9.4,13.9,15.2,55.6,12.3,19.9,15.2,27.4,23.6,19.7,16.9,39.0,92.7,94.1,74.8,99.2,87.7
S0404,72.8,10.5,0,21.1,11.7,10.3,35.6,15.4,5.4,14.4,30.9,11.7,19.8,14.3,34.0,19.1,21.3,18.0,41.4,78.7,66.1,79.8,99.8,80.7
S0405,57.9,12.9,2,15.8,13.3,9.1,23.3,7.7,0.0,10.3,31.8,12.5,11.9,10.5,31.5,14.7,18.7,17.9,33.4,61.5,49.8,66.4,84.7,62.2
S0406,70.2,13.7,0,12.1,15.7,22.0,34.0,13.4,18.7,19.9,33.5,16.6,22.5,25.7,31.0,24.1,26.4,21.0,41.2,83.8,85.5,95.8,112.7,93.5
S0407,40.0,12.9,0,14.6,13.6,13.8,14.7,7.8,11.2,10.0,24.2,10.0,6.6,6.6,19.1,16.4,12.2,13.9,30.8,56.7,53.2,42.3,73.3,49.4
S0408,66.2,11.5,0,10.6,23.0,15.6,22.8,7.2,9.6,10.7,29.2,9.6,8.3,10.2,29.8,15.5,12.6,17.8,39.7,72.0,56.7,57.9,85.6,66.3
S0409,68.7,10.9,0,14.3,16.3,17.4,27.7,10.3,5.3,15.0,30.4,20.4,9.5,11.7,31.9,16.2,18.5,20.5,50.9,75.7,61.0,73.5,106.1,77.8
S0410,85.8,10.4,0,18.6,14.2,12.3,40.0,20.4,15.4,19.4,51.0,23.0,27.9,25.0,42.0,20.8,22.6,16.7,40.6,85.1,106.2,117.9,100.7,100.0
S0411,68.5,10.3,0,26.5,22.9,25.6,35.7,11.2,12.5,14.3,48.1,11.6,11.3,17.7,42.0,24.0,24.2,26.3,51.2,110.7,86.1,82.6,125.7,100.0
S0412,49.6,5.8,0,22.6,10.5,15.1,25.5,1.7,0.0,10.8,22.5,14.5,12.4,0.0,20.1,14.1,7.1,12.7,20.0,73.7,35.0,47.0,53.9,47.3
S0413,44.7,8.4,1,10.7,9.4,11.4,18.5,4.7,2.3,4.9,0.2,5.4,3.1,10.5,21.7,5.3,4.4,10.0,21.8,50.0,12.1,40.7,41.5,30.0
S0414,90.7,16.5,0,20.4,17.4,21.2,35.0,23.9,25.7,19.2,42.0,25.6,27.0,30.0,59.3,30.0,27.7,27.7,58.6,94.0,110.8,141.9,144.0,100.0
S0415,65.4,9.7,0,18.9,21.7,26.8,41.1,15.1,22.6,16.0,55.8,17.3,15.9,13.0,48.8,17.5,19.7,20.7,33.7,108.5,109.5,95.0,91.6,99.2
S0416,54.8,11.8,0,15.4,11.8,12.3,31.1,9.0,7.8,5.2,23.4,12.5,7.2,6.4,15.9,12.9,15.5,18.2,29.4,70.6,45.4,42.0,76.0,54.5
S0417,86.4,15.2,0,21.1,21.1,17.5,43.6,21.6,25.3,22.5,55.7,22.7,24.8,22.8,55.4,23.2,24.7,30.0,54.8,103.3,125.1,125.7,132.7,100.0
S0418,65.0,12.6,0,23.0,17.6,19.0,37.5,6.4,0.3,14.4,44.3,21.4,13.7,12.6,35.6,26.4,24.2,18.9,37.4,97.1,65.4,83.3,106.9,86.2
S0419,73.3,18.4,0,21.6,28.2,30.0,40.6,22.3,24.6,18.7,45.4,16.7,15.3,19.9,48.9,24.7,24.7,28.1,54.7,120.4,111.0,100.8,132.2,100.0
S0420,64.4,14.0,2,17.6,15.5,12.0,35.1,16.8,12.0,14.9,26.7,18.8,9.4,5.6,33.8,15.5,18.6,18.6,45.0,80.2,70.4,67.6,97.7,76.9
S0421,96.6,17.0,0,27.4,30.0,26.4,47.1,21.6,24.0,21.0,34.1,30.0,22.7,20.3,58.0,30.0,30.0,29.4,62.8,130.9,100.7,131.0,152.2,100.0
S0422,75.9,15.0,0,25.0,27.6,27.6,40.9,27.3,24.1,22.4,54.5,27.3,26.9,30.0,55.0,29.3,28.6,23.7,60.7,121.1,128.3,139.2,142.3,100.0
S0423,59.9,7.0,2,17.5,18.1,16.4,29.0,7.9,16.7,8.1,23.8,24.1,12.5,10.4,29.3,15.8,15.2,15.4,36.7,81.0,56.5,76.3,83.1,71.2
S0424,68.6,13.2,0,17.3,19.7,16.3,42.9,24.5,17.9,17.8,43.1,18.5,13.4,22.5,40.4,25.4,24.6,21.2,50.6,96.2,103.3,94.8,121.8,100.0
S0425,79.7,13.3,0,16.0,18.5,23.4,38.0,18.2,21.0,18.8,29.2,22.9,21.4,22.2,39.6,18.6,21.1,20.2,41.8,95.9,87.2,106.1,101.7,97.7
S0426,67.1,13.7,0,17.1,11.2,26.2,40.6,18.9,18.2,22.6,43.6,22.1,20.1,14.6,51.4,23.5,24.9,22.1,60.2,95.1,103.3,108.2,130.7,100.0
S0427,45.4,9.1,0,12.6,10.8,12.1,21.6,10.3,9.5,11.6,23.2,16.3,22.3,19.9,28.8,6.5,10.1,10.5,29.2,57.1,54.6,87.3,56.3,57.9
S0428,73.7,14.0,0,21.5,23.6,17.9,42.4,17.1,16.4,11.5,41.0,19.3,26.6,23.0,47.8,17.4,23.0,21.4,49.0,105.4,86.0,116.7,110.8,100.0
S0429,87.9,14.4,0,22.0,21.1,14.9,44.3,25.3,18.7,24.9,34.3,19.5,16.7,17.6,43.7,28.7,27.3,26.1,48.0,102.3,103.2,97.5,130.1,100.0
S0430,40.0,6.0,0,13.9,5.6,7.9,17.1,1.5,3.6,6.8,24.3,12.8,12.9,11.7,18.4,13.3,9.4,4.5,16.4,44.5,36.2,55.8,43.6,38.0
S0431,42.6,9.1,1,9.8,9.6,14.6,17.8,5.6,6.8,9.6,16.4,8.4,12.2,13.7,28.6,11.6,14.2,9.0,24.5,51.8,38.4,62.9,59.3,46.6
S0432,51.4,7.4,3,8.6,14.3,12.5,20.2,10.9,10.0,8.3,0.0,0.6,0.5,6.7,20.7,11.9,5.8,7.9,8.3,55.6,29.2,28.5,33.9,32.1
S0433,47.0,9.1,1,9.7,16.4,15.7,24.0,10.5,12.1,10.7,28.9,12.6,7.5,16.3,32.2,15.8,12.7,12.6,28.4,65.8,62.2,68.6,69.5,60.9
S0434,53.5,16.8,0,17.0,17.4,16.1,44.0,22.3,24.5,22.7,39.6,21.9,20.9,22.3,41.7,20.8,22.1,25.5,44.9,94.5,109.1,106.8,113.3,100.0
S0435,84.4,15.9,0,24.9,27.6,21.0,56.2,29.7,30.0,28.5,48.1,28.8,25.9,19.6,52.5,25.8,27.3,27.7,59.2,129.7,136.3,126.8,140.0,100.0
S0436,58.9,12.2,1,19.0,16.2,19.7,37.5,12.9,8.5,3.5,43.3,16.8,14.9,14.2,29.3,17.7,14.1,18.4,37.1,92.4,68.2,75.2,87.3,77.6
S0437,74.4,17.8,0,21.6,15.2,23.1,49.1,25.2,28.2,22.8,46.4,29.1,28.8,30.0,51.6,25.7,24.8,30.0,53.7,109.0,122.6,139.5,134.2,100.0
S0438,50.3,8.7,1,8.7,5.1,1.3,16.6,2.8,0.0,3.5,18.1,3.9,3.1,9.6,25.2,13.8,10.6,10.1,19.3,31.7,24.4,41.8,53.8,33.0
S0439,42.5,9.3,0,1.4,10.1,15.6,22.8,10.9,12.3,11.5,7.5,6.1,2.2,15.0,21.2,9.1,7.5,6.9,17.1,49.9,42.2,44.5,40.6,37.8
S0440,56.8,12.4,1,13.6,13.1,16.9,24.7,15.4,18.1,22.7,38.0,14.6,15.5,21.7,33.2,19.5,21.5,22.6,36.9,68.3,94.2,85.0,100.5,83.4
S0441,56.6,11.8,0,20.6,18.2,23.7,31.9,18.7,8.2,8.9,37.5,17.4,19.1,19.9,40.8,22.8,23.7,23.7,53.4,94.4,73.3,97.2,123.6,93.4
S0442,68.6,12.6,0,17.4,15.3,10.3,31.1,11.2,13.0,11.7,28.9,16.2,11.4,15.3,30.1,18.7,18.2,17.8,43.5,74.1,64.8,73.0,98.2,76.2
S0443,41.2,4.1,1,7.8,14.6,5.2,20.3,0.0,0.0,0.7,0.0,8.8,11.4,9.1,17.7,3.8,3.3,9.7,19.5,47.9,0.7,47.0,36.3,26.2
S0444,60.1,12.0,0,15.1,21.5,18.1,35.2,16.7,11.9,9.6,42.3,13.8,7.4,5.0,34.0,13.2,10.8,13.9,43.4,89.9,80.5,60.2,81.3,75.0
S0445,60.3,8.4,1,9.3,18.2,16.3,14.8,0.0,10.3,8.4,10.5,10.3,7.8,9.3,19.9,11.2,15.3,13.6,19.3,58.6,29.2,47.3,59.4,45.7
S0446,61.9,13.4,1,15.7,16.1,24.9,38.8,16.0,13.3,19.8,34.4,19.0,18.1,24.0,40.4,20.7,22.7,22.5,41.5,95.5,83.5,101.5,107.4,94.4
S0447,54.4,12.7,1,19.7,19.8,21.7,33.9,20.9,15.0,10.8,38.6,14.1,13.0,13.5,38.9,19.9,17.7,16.4,38.5,95.1,85.3,79.5,92.5,84.0
S0448,44.6,5.7,0,12.7,5.9,8.0,20.0,11.4,11.4,13.6,14.3,11.0,8.9,12.3,22.8,12.6,14.8,14.5,34.1,46.6,50.7,55.0,76.0,51.0
S0449,55.2,9.5,0,14.9,20.0,12.9,34.5,22.1,21.6,9.0,16.2,13.0,20.7,21.0,33.9,22.7,19.4,21.9,30.7,82.3,68.9,88.6,94.7,79.7
S0450,50.6,9.3,1,8.3,4.5,12.9,14.8,15.1,12.3,8.8,6.1,10.3,7.1,5.9,21.8,8.1,8.8,12.3,21.1,40.5,42.3,45.1,50.3,39.7
S0451,59.3,12.2,0,6.4,10.7,9.5,42.8,11.1,18.2,15.1,37.1,15.8,25.5,19.3,44.3,11.4,15.1,16.8,36.5,69.4,81.5,104.9,79.8,80.8
S0452,76.9,12.5,0,24.0,17.9,25.8,48.5,18.9,21.5,29.0,37.5,20.9,22.5,18.0,54.4,23.7,21.1,21.9,49.3,116.2,106.9,115.8,116.0,100.0
S0453,40.0,11.9,1,8.8,7.2,8.3,30.4,10.1,0.0,4.3,44.7,9.5,10.6,8.1,19.6,11.3,10.7,13.1,28.8,54.7,59.1,47.8,63.9,49.4
S0454,79.9,11.6,0,14.1,12.1,21.7,36.2,8.9,9.4,2.6,29.8,23.5,23.4,16.3,41.2,21.3,21.3,23.6,46.2,84.1,50.7,104.4,112.4,87.9
S0455,54.7,12.5,1,15.6,12.1,15.7,27.5,7.6,6.7,0.0,20.3,8.8,20.8,14.0,25.9,16.6,14.4,17.0,29.2,70.9,34.6,69.5,77.2,59.0
S0456,60.9,10.7,0,10.1,8.6,10.1,17.2,8.3,11.8,12.1,20.4,9.3,6.5,15.5,25.0,17.3,17.8,15.1,32.9,46.0,52.6,56.3,83.1,56.7
S0457,63.4,10.4,0,19.0,15.1,13.4,29.6,4.0,0.0,10.6,33.1,26.6,17.7,13.4,46.3,12.6,20.0,20.0,35.0,77.1,47.7,104.0,87.6,76.8
S0458,52.6,12.8,0,13.0,15.3,12.1,26.3,10.3,23.0,18.9,18.8,6.9,5.5,9.3,22.6,10.5,8.9,12.5,26.3,66.7,71.0,44.3,58.2,55.6
S0459,59.6,8.1,2,15.5,10.0,13.6,36.0,10.9,14.1,14.5,31.6,7.9,10.2,10.3,31.7,16.0,10.5,10.1,35.7,75.1,71.1,60.1,72.3,66.6
S0460,50.5,10.6,1,4.3,7.4,9.4,15.0,1.0,5.1,13.5,13.4,13.2,5.1,12.9,25.9,13.6,6.7,10.0,22.2,36.1,33.0,57.1,52.5,39.8
S0461,91.9,19.3,1,29.1,30.0,25.3,51.6,25.2,30.0,24.4,41.1,17.1,20.5,28.7,50.3,30.0,28.8,22.5,59.7,136.0,120.7,116.6,141.0,100.0
S0462,73.1,10.8,0,16.5,14.0,14.6,33.3,18.3,28.6,26.7,19.2,15.2,22.4,23.2,30.7,20.7,17.6,19.7,42.2,78.4,92.8,91.5,100.2,90.3
S0463,54.8,12.9,0,10.6,8.3,11.0,18.3,12.7,16.6,6.4,8.9,21.2,18.4,17.2,20.8,13.8,14.5,16.7,27.1,48.2,44.6,77.6,72.1,56.6
S0464,70.4,12.1,0,16.8,15.7,8.0,39.5,13.9,19.3,13.4,30.5,10.8,12.1,14.1,32.4,16.1,17.6,21.0,39.9,80.0,77.1,69.4,94.6,79.4
S0465,59.9,12.3,0,7.7,15.2,17.3,28.3,17.1,16.6,6.8,29.0,7.5,8.2,7.6,17.1,15.4,11.3,13.5,40.3,68.5,69.5,40.4,80.5,61.7
S0466,70.7,11.9,1,15.9,16.0,11.7,30.4,17.0,14.9,13.4,25.5,8.9,14.9,23.2,36.3,14.7,10.0,14.7,45.8,74.0,70.8,83.3,85.2,77.5
S0467,64.3,13.4,0,14.0,13.5,11.7,37.3,18.8,15.8,16.8,47.6,22.5,17.8,15.8,54.3,22.9,23.0,26.7,49.1,76.5,99.0,110.4,121.7,99.8
S0468,86.0,15.7,0,13.3,17.4,11.8,36.8,13.8,11.3,15.7,48.9,24.1,29.7,27.8,44.4,22.5,22.6,26.9,50.2,79.3,89.7,126.0,122.2,100.0
S0469,55.0,12.2,0,6.8,4.8,2.1,28.4,13.7,9.7,11.8,24.7,11.4,20.0,21.5,21.3,10.9,11.2,13.4,35.3,42.1,59.9,74.2,70.8,57.8
S0470,43.3,6.9,0,17.1,18.0,10.4,26.7,18.1,8.9,6.4,13.3,16.0,15.9,12.8,25.5,13.3,8.9,12.7,27.6,72.2,46.7,70.2,62.5,56.6
S0471,59.6,13.9,1,11.5,14.1,11.7,28.8,10.4,11.2,11.9,25.4,20.2,17.9,20.9,29.8,18.9,19.2,21.5,36.4,66.1,58.9,88.8,96.0,74.4
S0472,40.0,2.5,1,10.9,7.2,14.3,6.1,15.0,2.4,0.0,5.5,12.1,13.4,12.7,4.9,6.5,9.9,3.7,12.0,38.5,22.9,43.1,32.1,27.2
S0473,49.6,10.0,0,6.2,3.7,4.4,20.4,5.3,7.3,15.0,12.7,7.7,12.5,18.0,24.5,11.4,11.5,10.1,22.8,34.7,40.3,62.7,55.8,43.3
S0474,74.0,17.9,0,14.7,13.9,18.9,57.6,20.8,20.5,19.5,40.4,13.4,13.8,16.8,54.8,26.1,23.1,28.5,55.7,105.1,101.2,98.8,133.4,100.0
S0475,79.2,14.3,0,18.3,22.2,24.6,51.3,18.5,20.6,19.3,43.4,20.6,19.8,17.2,46.0,30.0,28.7,30.0,60.2,116.4,101.8,103.6,148.9,100.0
S0476,43.7,10.5,1,19.1,22.0,19.1,37.3,14.6,11.6,21.0,27.0,13.1,8.5,10.1,37.1,17.1,12.7,16.1,34.8,97.5,74.2,68.8,80.7,74.0
S0477,65.6,11.3,1,17.3,15.0,16.6,31.3,8.4,27.3,16.5,33.2,17.7,19.8,20.6,50.7,19.6,23.2,18.0,46.2,80.2,85.4,108.8,107.0,93.5
S0478,46.5,12.4,2,14.5,17.2,12.7,37.9,13.2,21.1,13.4,36.9,16.7,19.7,19.3,50.2,16.6,17.9,19.0,37.3,82.3,84.6,105.9,90.8,85.2
S0479,77.3,17.4,0,26.1,17.5,27.8,49.8,18.9,14.9,14.6,56.6,30.0,23.3,23.9,70.0,30.0,24.5,25.7,63.8,121.2,105.0,147.2,144.0,100.0
S0480,82.2,16.6,0,22.4,19.3,27.6,36.3,20.2,21.1,20.5,36.4,26.5,22.6,14.9,41.9,16.3,18.3,22.5,58.6,105.6,98.2,105.9,115.7,100.0
S0481,66.7,14.3,1,19.2,17.3,9.8,28.1,19.0,14.0,16.7,40.6,14.7,9.6,14.9,51.0,16.5,18.1,15.6,39.1,74.4,90.3,90.2,89.3,84.4
S0482,53.4,12.2,0,16.7,10.7,7.2,31.3,13.7,7.3,13.1,15.7,15.8,10.5,19.3,23.1,12.0,11.2,9.3,27.8,65.9,49.8,68.7,60.3,56.9
S0483,40.0,6.5,0,6.5,3.3,5.0,23.2,0.0,0.0,17.1,4.6,9.7,11.3,12.2,14.8,5.1,5.9,1.8,28.8,38.0,21.7,48.0,41.6,30.3
S0484,64.2,12.1,1,10.9,10.4,9.9,37.3,25.7,23.8,8.9,37.2,17.2,14.2,18.5,39.6,16.0,13.4,20.2,35.4,68.5,95.6,89.5,85.0,82.5
S0485,52.4,6.6,0,10.2,12.0,14.4,16.9,12.8,8.8,13.6,18.9,16.0,13.3,15.6,23.9,16.1,16.8,14.5,25.3,53.5,54.1,68.8,72.7,57.8
S0486,40.0,6.5,2,9.8,8.6,6.3,18.2,4.5,10.9,7.4,21.0,9.5,2.9,8.1,22.7,10.8,8.6,10.3,30.2,42.9,43.8,43.2,59.9,40.4
S0487,65.9,12.2,0,8.5,1.1,15.9,29.1,12.6,17.2,12.1,8.0,21.1,18.6,20.0,20.6,14.6,8.0,11.6,31.8,54.6,49.9,80.3,66.0,60.9
S0488,55.4,12.3,1,6.5,0.0,10.4,23.9,10.7,17.2,10.9,32.3,5.1,7.2,11.1,22.5,12.9,11.4,9.0,25.4,40.8,71.1,45.9,58.7,50.2
S0489,81.5,14.1,0,24.4,21.4,23.6,39.9,18.7,15.8,14.9,53.8,22.0,19.9,21.2,61.1,26.9,29.7,24.9,53.6,109.3,103.2,124.2,135.1,100.0
S0490,73.3,13.2,1,19.1,21.0,24.8,37.4,19.5,21.5,28.9,29.6,19.7,19.2,17.0,44.5,26.1,23.4,20.4,51.5,102.3,99.5,100.4,121.4,100.0
S0491,63.6,11.9,1,15.4,4.3,14.7,33.4,11.5,15.9,19.9,21.2,17.7,17.7,16.3,36.2,18.0,23.1,18.7,41.5,67.8,68.5,87.9,101.3,79.1
S0492,64.3,16.6,0,19.0,18.2,18.4,52.1,19.1,17.5,19.9,59.3,28.2,22.9,24.8,54.0,21.2,24.2,26.5,51.6,107.7,115.8,129.9,123.5,100.0
S0493,61.0,10.6,0,14.7,13.0,11.5,21.4,11.5,9.0,19.2,27.6,16.3,10.4,12.6,43.3,23.0,22.1,18.2,39.4,60.6,67.3,82.6,102.7,75.5
S0494,45.7,10.5,1,7.6,14.6,13.8,24.1,3.7,14.6,5.7,17.7,6.2,15.7,15.5,16.3,14.2,13.4,19.0,27.5,60.1,41.7,53.7,74.1,51.5
S0495,73.2,15.2,0,25.8,22.8,26.5,50.1,22.0,22.9,15.9,30.1,26.7,22.8,25.3,55.1,24.0,24.5,28.7,58.2,125.2,90.9,129.9,135.4,100.0
S0496,66.5,13.4,1,21.9,21.8,20.8,44.4,19.9,21.9,9.0,34.9,21.6,20.0,23.1,39.5,16.8,17.5,21.9,40.5,108.9,85.7,104.2,96.7,97.2
S0497,63.3,10.3,1,3.1,6.6,2.8,27.5,12.6,7.5,5.8,20.6,3.3,10.4,16.3,25.4,13.4,12.0,12.2,32.6,40.0,46.5,55.4,70.2,50.7
S0498,64.7,11.5,1,10.7,3.7,6.3,35.4,17.9,10.2,13.3,35.9,15.1,29.2,23.0,39.8,16.3,18.0,22.4,41.0,56.1,77.3,107.1,97.7,82.5
S0499,46.4,8.8,0,5.3,10.8,11.2,20.1,12.4,8.9,10.8,13.4,5.4,3.0,2.7,19.0,17.8,13.1,12.9,27.2,47.4,45.5,30.1,71.0,42.8
S0500,49.2,8.0,0,6.3,8.2,8.8,8.3,5.9,6.3,8.7,7.5,6.7,9.6,8.6,14.7,9.3,6.5,8.8,21.9,31.6,28.4,39.6,46.5,31.4
